"workstation_id","measurement_type","device_id","device_interface","gui_module"
"1","basket_weight","21","Serial","Catch"
"15","BottomDepth","107","SCS","TrawlEvent"
"15","HeadRopeHeight","0","Software","TrawlEvent"
"15","Heading","103","SCS","TrawlEvent"
"2","sex","1","Software","Length"
"15","Latitude","100","SCS","TrawlEvent"
"15","Longitude","101","SCS","TrawlEvent"
"3","length","23","Serial","Length"
"15","NetHorizontalOpening","0","Software","TrawlEvent"
"15","NetVerticalOpening","0","Software","TrawlEvent"
"15","SOG","102","SCS","TrawlEvent"
"15","SurfaceTemp","106","SCS","TrawlEvent"
"15","TrawlWireOut","0","Software","TrawlEvent"
"15","WindDirection","105","SCS","TrawlEvent"
"3","sex","1","Software","Length"
"15","WindSpeed","104","SCS","TrawlEvent"
"15","barcode","22","Serial","Specimen"
"15","basket_weight","21","Serial","Catch"
"15","fork_length","25","Serial","Specimen"
"4","organism_weight","20","Serial","Specimen"
"4","sex","1","Software","Specimen"
"4","maturity","3","Software","Specimen"
"4","gonad_weight","20","Serial","Specimen"
"15","gonad_weight","20","Serial","Specimen"
"15","length","25","Serial","Length"
"4","sex","1","Software","Length"
"4","barcode","22","Serial","Specimen"
"4","fork_length","25","Serial","Specimen"
"4","standard_length","25","Serial","Specimen"
"4","total_length","25","Serial","Specimen"
"4","stomach_taken","5","Software","Specimen"
"4","spawning_condition","6","Software","Specimen"
"4","Latitude","100","SCS","TrawlEvent"
"4","Longitude","101","SCS","TrawlEvent"
"4","SOG","102","SCS","TrawlEvent"
"4","Heading","103","SCS","TrawlEvent"
"4","WindSpeed","104","SCS","TrawlEvent"
"4","WindDirection","105","SCS","TrawlEvent"
"4","SurfaceTemp","106","SCS","TrawlEvent"
"4","BottomDepth","107","SCS","TrawlEvent"
"4","NetVerticalOpening","0","Software","TrawlEvent"
"4","NetHorizontalOpening","0","Software","TrawlEvent"
"4","HeadRopeHeight","0","Software","TrawlEvent"
"4","TrawlWireOut","0","Software","TrawlEvent"
"5","length","25","Serial","Specimen"
"5","organism_weight","20","Serial","Specimen"
"5","sex","1","Software","Specimen"
"5","maturity","3","Software","Specimen"
"5","gonad_weight","20","Serial","Specimen"
"5","basket_weight","21","Serial","Catch"
"5","length","25","Serial","Length"
"5","sex","1","Software","Length"
"5","barcode","22","Serial","Specimen"
"5","fork_length","25","Serial","Specimen"
"5","standard_length","25","Serial","Specimen"
"5","total_length","25","Serial","Specimen"
"5","stomach_taken","5","Software","Specimen"
"5","spawning_condition","6","Software","Specimen"
"5","Latitude","100","SCS","TrawlEvent"
"5","Longitude","101","SCS","TrawlEvent"
"5","SOG","102","SCS","TrawlEvent"
"5","Heading","103","SCS","TrawlEvent"
"5","WindSpeed","104","SCS","TrawlEvent"
"5","WindDirection","105","SCS","TrawlEvent"
"5","SurfaceTemp","106","SCS","TrawlEvent"
"5","BottomDepth","107","SCS","TrawlEvent"
"5","NetVerticalOpening","0","Software","TrawlEvent"
"5","NetHorizontalOpening","0","Software","TrawlEvent"
"5","HeadRopeHeight","0","Software","TrawlEvent"
"5","TrawlWireOut","0","Software","TrawlEvent"
"6","Latitude","100","SCS","TrawlEvent"
"6","Longitude","101","SCS","TrawlEvent"
"6","SOG","102","SCS","TrawlEvent"
"6","Heading","103","SCS","TrawlEvent"
"6","WindSpeed","104","SCS","TrawlEvent"
"6","WindDirection","105","SCS","TrawlEvent"
"6","SurfaceTemp","106","SCS","TrawlEvent"
"6","BottomDepth","107","SCS","TrawlEvent"
"6","NetVerticalOpening","0","Software","TrawlEvent"
"6","NetHorizontalOpening","0","Software","TrawlEvent"
"6","HeadRopeHeight","0","Software","TrawlEvent"
"6","TrawlWireOut","0","Software","TrawlEvent"
"10","fork_length","25","Serial","Specimen"
"10","standard_length","25","Serial","Specimen"
"10","total_length","25","Serial","Specimen"
"10","stomach_taken","5","Software","Specimen"
"10","length","25","Serial","Specimen"
"10","organism_weight","20","Serial","Specimen"
"10","sex","1","Software","Specimen"
"10","maturity","3","Software","Specimen"
"10","gonad_weight","20","Serial","Specimen"
"10","basket_weight","21","Serial","Catch"
"10","length","25","Serial","Length"
"10","sex","1","Software","Length"
"10","barcode","22","Serial","Specimen"
"10","spawning_condition","6","Software","Specimen"
"10","Latitude","100","SCS","TrawlEvent"
"10","Longitude","101","SCS","TrawlEvent"
"10","SOG","102","SCS","TrawlEvent"
"10","Heading","103","SCS","TrawlEvent"
"10","WindSpeed","104","SCS","TrawlEvent"
"10","WindDirection","105","SCS","TrawlEvent"
"10","SurfaceTemp","106","SCS","TrawlEvent"
"10","BottomDepth","107","SCS","TrawlEvent"
"10","NetVerticalOpening","0","Software","TrawlEvent"
"10","NetHorizontalOpening","0","Software","TrawlEvent"
"10","HeadRopeHeight","0","Software","TrawlEvent"
"10","TrawlWireOut","0","Software","TrawlEvent"
"11","length","25","Serial","Specimen"
"11","organism_weight","20","Serial","Specimen"
"11","sex","1","Software","Specimen"
"11","maturity","3","Software","Specimen"
"11","gonad_weight","20","Serial","Specimen"
"11","basket_weight","21","Serial","Catch"
"11","length","25","Serial","Length"
"11","sex","1","Software","Length"
"11","barcode","22","Serial","Specimen"
"12","length","25","Serial","Specimen"
"12","organism_weight","20","Serial","Specimen"
"12","sex","1","Software","Specimen"
"12","maturity","3","Software","Specimen"
"12","gonad_weight","20","Serial","Specimen"
"12","basket_weight","21","Serial","Catch"
"12","length","25","Serial","Length"
"12","sex","1","Software","Length"
"12","barcode","22","Serial","Specimen"
"13","length","25","Serial","Specimen"
"13","organism_weight","20","Serial","Specimen"
"13","sex","1","Software","Specimen"
"13","maturity","3","Software","Specimen"
"13","gonad_weight","20","Serial","Specimen"
"13","basket_weight","21","Serial","Catch"
"13","length","25","Serial","Length"
"13","sex","1","Software","Length"
"13","barcode","22","Serial","Specimen"
"13","fork_length","25","Serial","Specimen"
"13","standard_length","25","Serial","Specimen"
"13","total_length","25","Serial","Specimen"
"13","stomach_taken","5","Software","Specimen"
"13","spawning_condition","6","Software","Specimen"
"13","Latitude","100","SCS","TrawlEvent"
"13","Longitude","101","SCS","TrawlEvent"
"13","SOG","102","SCS","TrawlEvent"
"13","Heading","103","SCS","TrawlEvent"
"13","WindSpeed","104","SCS","TrawlEvent"
"13","WindDirection","105","SCS","TrawlEvent"
"13","SurfaceTemp","106","SCS","TrawlEvent"
"13","BottomDepth","107","SCS","TrawlEvent"
"13","NetVerticalOpening","0","Software","TrawlEvent"
"13","NetHorizontalOpening","0","Software","TrawlEvent"
"13","HeadRopeHeight","0","Software","TrawlEvent"
"13","TrawlWireOut","0","Software","TrawlEvent"
"14","length","25","Serial","Specimen"
"14","organism_weight","20","Serial","Specimen"
"14","sex","1","Software","Specimen"
"14","maturity","3","Software","Specimen"
"14","gonad_weight","20","Serial","Specimen"
"14","basket_weight","21","Serial","Catch"
"14","length","25","Serial","Length"
"14","sex","1","Software","Length"
"14","barcode","22","Serial","Specimen"
"6","ITIBearingToTarget","108","SCS","TrawlEvent"
"6","ITIDepth","109","SCS","TrawlEvent"
"6","ITIRangeToTarget","110","SCS","TrawlEvent"
"5","ITIBearingToTarget","108","SCS","TrawlEvent"
"5","ITIDepth","109","SCS","TrawlEvent"
"5","ITIRangeToTarget","110","SCS","TrawlEvent"
"15","length","25","Serial","Specimen"
"15","maturity","3","Software","Specimen"
"15","organism_weight","20","Serial","Specimen"
"15","sex","1","Software","Length"
"15","sex","1","Software","Specimen"
"15","spawning_condition","6","Software","Specimen"
"15","standard_length","25","Serial","Specimen"
"15","stomach_taken","5","Software","Specimen"
"15","total_length","25","Serial","Specimen"
"4","ovary_taken","7","Software","Specimen"
"10","ovary_taken","7","Software","Specimen"
"7","ovary_taken","7","Software","Specimen"
"4","liver_weight","20","Serial","Specimen"
"10","liver_weight","20","Serial","Specimen"
"7","liver_weight","20","Serial","Specimen"
"20","basket_weight","300","Serial","Catch"
"20","Latitude","100","SCS","TrawlEvent"
"20","Longitude","101","SCS","TrawlEvent"
"20","SOG","102","SCS","TrawlEvent"
"20","Heading","103","SCS","TrawlEvent"
"20","WindSpeed","104","SCS","TrawlEvent"
"20","WindDirection","105","SCS","TrawlEvent"
"20","SurfaceTemp","106","SCS","TrawlEvent"
"20","BottomDepth","107","SCS","TrawlEvent"
"20","ITIBearingToTarget","108","SCS","TrawlEvent"
"20","ITIDepth","109","SCS","TrawlEvent"
"20","ITIRangeToTarget","110","SCS","TrawlEvent"
"20","NetVerticalOpening","103","Software","TrawlEvent"
"20","NetHorizontalOpening","104","Software","TrawlEvent"
"20","HeadRopeHeight","105","Software","TrawlEvent"
"20","TrawlWireOut","106","Software","TrawlEvent"
"21","gonad_weight","301","Serial","Specimen"
"21","organism_weight","301","Serial","Specimen"
"21","liver_weight","301","Serial","Specimen"
"21","sex","1","Software","Specimen"
"21","sex","1","Software","Length"
"21","maturity","3","Software","Specimen"
"21","stomach_taken","5","Software","Specimen"
"21","spawning_condition","6","Software","Specimen"
"21","ovary_taken","7","Software","Specimen"
"21","fork_length","302","Serial","Specimen"
"21","standard_length","302","Serial","Specimen"
"21","total_length","302","Serial","Specimen"
"21","length","302","Serial","Specimen"
"21","length","302","Serial","Length"
"4","length","25","Serial","Length"
"4","length","25","Serial","Specimen"
"2","length","24","Serial","Length"
"4","basket_weight","20","Serial","Catch"
"10","SBEPressure","26","Serial","Haul"
"4","tissue_sample_taken","8","Software","Specimen"
"4","otolith_taken","9","Software","Specimen"
"4","None","41","Serial","Specimen"
"14","None","41","Serial","Specimen"
"12","liver_weight","18","Serial","Specimen"
"12","ovary_taken","7","Software","Specimen"
"7","BottomDepth","107","SCS","TrawlEvent"
"7","Heading","103","SCS","TrawlEvent"
"7","Latitude","100","SCS","TrawlEvent"
"7","Longitude","101","SCS","TrawlEvent"
"7","SOG","102","SCS","TrawlEvent"
"7","SurfaceTemp","106","SCS","TrawlEvent"
"7","WindDirection","105","SCS","TrawlEvent"
"7","WindSpeed","104","SCS","TrawlEvent"
"4","vial_number","11","Software","Specimen"
"5","vial_number","11","Software","Specimen"
"7","barcode","22","Serial","Specimen"
"7","basket_weight","20","Serial","Catch"
"7","fork_length","25","Serial","Specimen"
"7","gonad_weight","20","Serial","Specimen"
"7","length","25","Serial","Length"
"7","length","25","Serial","Specimen"
"7","maturity","3","Software","Specimen"
"7","organism_weight","20","Serial","Specimen"
"7","otolith_taken","9","Software","Specimen"
"7","sex","1","Software","Length"
"7","sex","1","Software","Specimen"
"7","spawning_condition","6","Software","Specimen"
"7","standard_length","25","Serial","Specimen"
"7","stomach_taken","5","Software","Specimen"
"7","tissue_sample_taken","8","Software","Specimen"
"7","vial_number","11","Software","Specimen"
"2","finclip_vial_num","11","Software","Specimen"
"2","gill_vial_num","11","Software","Specimen"
"3","finclip_vial_num","11","Software","Specimen"
"3","gill_vial_num","11","Software","Specimen"
"4","finclip_vial_num","11","Software","Specimen"
"4","gill_vial_num","11","Software","Specimen"
"5","finclip_vial_num","11","Software","Specimen"
"5","gill_vial_num","11","Software","Specimen"
"7","finclip_vial_num","11","Software","Specimen"
"7","gill_vial_num","11","Software","Specimen"
"6","TSGTemperature","113","SCS","TrawlEvent"
"4","TSGTemperature","113","SCS","TrawlEvent"
"10","TSGTemperature","113","SCS","TrawlEvent"
"8","TSGTemperature","113","SCS","TrawlEvent"
"7","TSGTemperature","113","SCS","TrawlEvent"
"5","TSGTemperature","113","SCS","TrawlEvent"
"12","finclip_vial_num","11","Software","Specimen"
"12","gill_vial_num","11","Software","Specimen"
"25","gonad_weight","301","Serial","Specimen"
"25","organism_weight","301","Serial","Specimen"
"25","liver_weight","301","Serial","Specimen"
"25","sex","1","Software","Specimen"
"25","sex","1","Software","Length"
"25","maturity","3","Software","Specimen"
"25","stomach_taken","5","Software","Specimen"
"25","spawning_condition","6","Software","Specimen"
"25","ovary_taken","7","Software","Specimen"
"25","fork_length","302","Serial","Specimen"
"25","standard_length","302","Serial","Specimen"
"25","total_length","302","Serial","Specimen"
"25","length","302","Serial","Specimen"
"25","length","302","Serial","Length"
"12","stomach_taken","5","Software","Specimen"
"12","fin_missing","12","Software","Specimen"
"2","fin_missing","12","Software","Specimen"
"3","fin_missing","12","Software","Specimen"
"4","fin_missing","12","Software","Specimen"
"11","fin_missing","12","Software","Specimen"
"14","fin_missing","12","Software","Specimen"
"10","fin_missing","12","Software","Specimen"
"22","length","25","Serial","Specimen"
"22","sex","1","Software","Specimen"
"22","maturity","3","Software","Specimen"
"3","basket_weight","19","Serial","Catch"
"3","fork_length","23","Serial","Specimen"
"3","gonad_weight","19","Serial","Specimen"
"3","length","23","Serial","Specimen"
"3","liver_weight","19","Serial","Specimen"
"3","maturity","3","Software","Specimen"
"3","organism_weight","19","Serial","Specimen"
"3","otolith_taken","9","Software","Specimen"
"3","ovary_taken","7","Software","Specimen"
"3","sex","1","Software","Specimen"
"3","spawning_condition","6","Software","Specimen"
"3","standard_length","23","Serial","Specimen"
"3","stomach_taken","5","Software","Specimen"
"3","tissue_sample_taken","8","Software","Specimen"
"3","total_length","23","Serial","Specimen"
"3","vial_number","11","Software","Specimen"
"23","total_length","25","Serial","Specimen"
"23","standard_length","25","Serial","Specimen"
"6","FS70DepthBelowSounder","112","SCS","TrawlEvent"
"23","barcode","22","Serial","Specimen"
"23","basket_weight","21","Serial","Catch"
"23","gonad_weight","20","Serial","Specimen"
"23","length","25","Serial","Length"
"23","length","25","Serial","Specimen"
"23","maturity","3","Software","Specimen"
"23","organism_weight","20","Serial","Specimen"
"23","sex","1","Software","Length"
"23","sex","1","Software","Specimen"
"23","fork_length","25","Serial","Specimen"
"2","basket_weight","18","Serial","Catch"
"2","fork_length","24","Serial","Specimen"
"2","gonad_weight","18","Serial","Specimen"
"2","length","24","Serial","Specimen"
"2","liver_weight","18","Serial","Specimen"
"2","maturity","3","Software","Specimen"
"2","organism_weight","18","Serial","Specimen"
"2","otolith_taken","9","Software","Specimen"
"2","ovary_taken","7","Software","Specimen"
"2","sex","1","Software","Specimen"
"2","spawning_condition","6","Software","Specimen"
"2","standard_length","24","Serial","Specimen"
"2","stomach_taken","5","Software","Specimen"
"2","tissue_sample_taken","8","Software","Specimen"
"2","total_length","24","Serial","Specimen"
"2","vial_number","11","Software","Specimen"
"4","ITIBearingToTarget","108","SCS","TrawlEvent"
"4","ITIDepth","109","SCS","TrawlEvent"
"4","ITIRangeToTarget","110","SCS","TrawlEvent"
"4","FS70DepthBelowSounder","112","SCS","TrawlEvent"
"4","ITITemperature","111","SCS","TrawlEvent"
"5","FS70DepthBelowSounder","112","SCS","TrawlEvent"
"5","ITITemperature","111","SCS","TrawlEvent"
"6","ITITemperature","111","SCS","TrawlEvent"
"7","ITIBearingToTarget","108","SCS","TrawlEvent"
"7","ITIDepth","109","SCS","TrawlEvent"
"7","ITIRangeToTarget","110","SCS","TrawlEvent"
"7","FS70DepthBelowSounder","112","SCS","TrawlEvent"
"7","NetVerticalOpening","0","Software","TrawlEvent"
"7","HeadRopeHeight","0","Software","TrawlEvent"
"7","NetHorizontalOpening","0","Software","TrawlEvent"
"7","TrawlWireOut","0","Software","TrawlEvent"
"7","ITITemperature","111","SCS","TrawlEvent"
"8","Latitude","100","SCS","TrawlEvent"
"8","Longitude","101","SCS","TrawlEvent"
"8","SOG","102","SCS","TrawlEvent"
"8","Heading","103","SCS","TrawlEvent"
"8","WindSpeed","104","SCS","TrawlEvent"
"8","WindDirection","105","SCS","TrawlEvent"
"8","SurfaceTemp","106","SCS","TrawlEvent"
"8","BottomDepth","107","SCS","TrawlEvent"
"8","ITIBearingToTarget","108","SCS","TrawlEvent"
"8","ITIDepth","109","SCS","TrawlEvent"
"8","ITIRangeToTarget","110","SCS","TrawlEvent"
"8","ITITemperature","111","SCS","TrawlEvent"
"8","FS70DepthBelowSounder","112","SCS","TrawlEvent"
"8","TrawlWireOut","0","Software","TrawlEvent"
"8","HeadRopeHeight","0","Software","TrawlEvent"
"8","NetHorizontalOpening","0","Software","TrawlEvent"
"8","NetVerticalOpening","0","Software","TrawlEvent"
"10","ITIBearingToTarget","108","SCS","TrawlEvent"
"10","ITIDepth","109","SCS","TrawlEvent"
"10","ITIRangeToTarget","110","SCS","TrawlEvent"
"10","FS70DepthBelowSounder","112","SCS","TrawlEvent"
"10","ITITemperature","111","SCS","TrawlEvent"
"14","Latitude","100","SCS","TrawlEvent"
"14","Longitude","101","SCS","TrawlEvent"
"14","SOG","102","SCS","TrawlEvent"
"14","Heading","103","SCS","TrawlEvent"
"14","WindSpeed","104","SCS","TrawlEvent"
"14","WindDirection","105","SCS","TrawlEvent"
"14","SurfaceTemp","106","SCS","TrawlEvent"
"14","BottomDepth","107","SCS","TrawlEvent"
"11","stomach_taken","5","Software","Specimen"
"11","tissue_sample_taken","8","Software","Specimen"
"11","spawning_condition","6","Software","Specimen"
"11","otolith_taken","9","Software","Specimen"
"11","gill_vial_num","11","Software","Specimen"
"11","finclip_vial_num","11","Software","Specimen"
"11","vial_number","11","Software","Specimen"
"11","ovary_taken","7","Software","Specimen"
"11","total_length","25","Serial","Specimen"
"11","standard_length","25","Serial","Specimen"
"11","fork_length","25","Serial","Specimen"
"11","liver_weight","20","Serial","Specimen"
"11","None","41","Serial","Specimen"
"14","spawning_condition","6","Software","Specimen"
"14","otolith_taken","9","Software","Specimen"
"14","tissue_sample_taken","8","Software","Specimen"
"14","stomach_taken","5","Software","Specimen"
"14","ovary_taken","7","Software","Specimen"
"14","vial_number","11","Software","Specimen"
"14","finclip_vial_num","11","Software","Specimen"
"14","gill_vial_num","11","Software","Specimen"
"14","total_length","25","Serial","Specimen"
"14","standard_length","25","Serial","Specimen"
"14","fork_length","25","Serial","Specimen"
"14","liver_weight","20","Serial","Specimen"
