"protocol_name","species_code","subcategory","active"
"Length_Weight","44045","None","1"
"Length_Weight","44046","None","1"
"Length_Weight","44047","None","1"
"Length_Weight","44050","None","1"
"Length_Weight","44052","None","1"
"Length_Weight","44060","None","1"
"Length_Weight","44061","None","1"
"Length_Weight","44071","None","1"
"Length_Weight","44072","None","1"
"Length_Weight","44073","None","1"
"Length_Weight","44074","None","1"
"Length_Weight","44080","None","1"
"Length_Weight","44081","None","1"
"Length_Weight","44082","None","1"
"Length_Weight","44083","None","1"
"Length_Weight","44085","None","1"
"Length_Weight","44086","None","1"
"Length_Weight","44087","None","1"
"Length_Weight","44088","None","1"
"Length_Weight","44089","None","1"
"Length_Weight","44090","None","1"
"Length_Weight","44091","None","1"
"Length_Weight","44092","None","1"
"Length_Weight","44093","None","1"
"Length_Weight","44094","None","1"
"Length_Weight","44095","None","1"
"Length_Weight","44096","None","1"
"Length_Weight","44097","None","1"
"Length_Weight","44098","None","1"
"Length_Weight","44099","None","1"
"Length_Weight","44103","None","1"
"Length_Weight","45000","None","1"
"Length_Weight","45005","None","1"
"Length_Weight","50000","None","1"
"Length_Weight","50001","None","1"
"Length_Weight","50010","None","1"
"Length_Weight","50100","None","1"
"Length_Weight","50160","None","1"
"Length_Weight","50161","None","1"
"Length_Weight","50190","None","1"
"Length_Weight","50192","None","1"
"Length_Weight","52715","None","1"
"Length_Weight","53700","None","1"
"Length_Weight","54000","None","1"
"Length_Weight","54010","None","1"
"Length_Weight","54030","None","1"
"Length_Weight","56300","None","1"
"Length_Weight","56310","None","1"
"Length_Weight","56311","None","1"
"Length_Weight","56312","None","1"
"Length_Weight","57000","None","1"
"Length_Weight","57410","None","1"
"Length_Weight","59000","None","1"
"Length_Weight","59100","None","1"
"Length_Weight","59110","None","1"
"Length_Weight","59111","None","1"
"Length_Weight","59120","None","1"
"Length_Weight","60001","None","1"
"Length_Weight","60100","None","1"
"Length_Weight","60110","None","1"
"Length_Weight","60130","None","1"
"Length_Weight","60140","None","1"
"Length_Weight","60145","None","1"
"Length_Weight","62000","None","1"
"Length_Weight","62010","None","1"
"Length_Weight","62020","None","1"
"Length_Weight","63000","None","1"
"Length_Weight","63500","None","1"
"Length_Weight","63510","None","1"
"Length_Weight","64000","None","1"
"Length_Weight","64010","None","1"
"Length_Weight","64011","None","1"
"Length_Weight","64012","None","1"
"Length_Weight","64500","None","1"
"Length_Weight","65000","None","1"
"Length_Weight","65100","None","1"
"Length_Weight","65101","None","1"
"Length_Weight","65201","None","1"
"Length_Weight","65202","None","1"
"Length_Weight","65203","None","1"
"Length_Weight","65204","None","1"
"Length_Weight","65205","None","1"
"Length_Weight","65206","None","1"
"Length_Weight","65209","None","1"
"Length_Weight","65210","None","1"
"Length_Weight","66000","None","1"
"Length_Weight","66003","None","1"
"Length_Weight","66004","None","1"
"Length_Weight","66009","None","1"
"Length_Weight","66010","None","1"
"Length_Weight","66019","None","1"
"Length_Weight","66020","None","1"
"Length_Weight","66025","None","1"
"Length_Weight","66030","None","1"
"Length_Weight","66031","None","1"
"Length_Weight","66033","None","1"
"Length_Weight","66040","None","1"
"Length_Weight","66045","None","1"
"Length_Weight","66050","None","1"
"Length_Weight","66055","None","1"
"Length_Weight","66060","None","1"
"Length_Weight","66120","None","1"
"Length_Weight","66130","None","1"
"Length_Weight","66140","None","1"
"Length_Weight","66150","None","1"
"Length_Weight","66160","None","1"
"Length_Weight","66163","None","1"
"Length_Weight","66165","None","1"
"Length_Weight","66170","None","1"
"Length_Weight","66171","None","1"
"Length_Weight","66174","None","1"
"Length_Weight","66175","None","1"
"Length_Weight","66179","None","1"
"Length_Weight","66180","None","1"
"Length_Weight","66190","None","1"
"Length_Weight","66192","None","1"
"Length_Weight","66193","None","1"
"Length_Weight","66200","None","1"
"Length_Weight","66201","None","1"
"Length_Weight","66203","None","1"
"Length_Weight","66204","None","1"
"Length_Weight","66301","None","1"
"Length_Weight","66500","None","1"
"Length_Weight","66502","None","1"
"Length_Weight","66510","None","1"
"Length_Weight","66512","None","1"
"Length_Weight","66515","None","1"
"Length_Weight","66520","None","1"
"Length_Weight","66530","None","1"
"Length_Weight","66536","None","1"
"Length_Weight","66546","None","1"
"Length_Weight","66548","None","1"
"Length_Weight","66570","None","1"
"Length_Weight","66575","None","1"
"Length_Weight","66580","None","1"
"Length_Weight","66600","None","1"
"Length_Weight","66601","None","1"
"Length_Weight","66602","None","1"
"Length_Weight","66603","None","1"
"Length_Weight","66611","None","1"
"Length_Weight","66612","None","1"
"Length_Weight","66613","None","1"
"Length_Weight","66614","None","1"
"Length_Weight","66615","None","1"
"Length_Weight","66750","None","1"
"Length_Weight","66770","None","1"
"Length_Weight","66772","None","1"
"Length_Weight","66814","None","1"
"Length_Weight","66815","None","1"
"Length_Weight","66839","None","1"
"Length_Weight","66840","None","1"
"Length_Weight","66860","None","1"
"Length_Weight","66865","None","1"
"Length_Weight","66875","None","1"
"Length_Weight","68000","None","1"
"Length_Weight","68010","None","1"
"Length_Weight","68011","None","1"
"Length_Weight","68020","None","1"
"Length_Weight","68040","None","1"
"Length_Weight","68050","None","1"
"Length_Weight","68060","None","1"
"Length_Weight","68065","None","1"
"Length_Weight","68072","None","1"
"Length_Weight","68100","None","1"
"Length_Weight","68500","None","1"
"Length_Weight","68502","None","1"
"Length_Weight","68510","None","1"
"Length_Weight","68515","None","1"
"Length_Weight","68520","None","1"
"Length_Weight","68541","None","1"
"Length_Weight","68550","None","1"
"Length_Weight","68560","None","1"
"Length_Weight","68570","None","1"
"Length_Weight","68577","None","1"
"Length_Weight","68578","None","1"
"Length_Weight","68580","None","1"
"Length_Weight","68590","None","1"
"Length_Weight","68781","None","1"
"Length_Weight","69000","None","1"
"Length_Weight","69010","None","1"
"Length_Weight","69011","None","1"
"Length_Weight","69013","None","1"
"Length_Weight","69035","None","1"
"Length_Weight","69042","None","1"
"Length_Weight","69060","None","1"
"Length_Weight","69061","None","1"
"Length_Weight","69070","None","1"
"Length_Weight","69080","None","1"
"Length_Weight","69082","None","1"
"Length_Weight","69085","None","1"
"Length_Weight","69086","None","1"
"Length_Weight","69090","None","1"
"Length_Weight","69095","None","1"
"Length_Weight","69100","None","1"
"Length_Weight","69110","None","1"
"Length_Weight","69120","None","1"
"Length_Weight","69121","None","1"
"Length_Weight","69122","None","1"
"Length_Weight","69123","None","1"
"Length_Weight","69200","None","1"
"Length_Weight","69250","None","1"
"Length_Weight","69260","None","1"
"Length_Weight","69270","None","1"
"Length_Weight","69280","None","1"
"Length_Weight","69285","None","1"
"Length_Weight","69290","None","1"
"Length_Weight","69300","None","1"
"Length_Weight","69310","None","1"
"Length_Weight","69312","None","1"
"Length_Weight","69314","None","1"
"Length_Weight","69315","None","1"
"Length_Weight","69316","None","1"
"Length_Weight","69317","None","1"
"Length_Weight","69318","None","1"
"Length_Weight","69321","None","1"
"Length_Weight","69322","None","1"
"Length_Weight","69323","None","1"
"Length_Weight","69324","None","1"
"Length_Weight","69325","None","1"
"Length_Weight","69326","None","1"
"Length_Weight","69328","None","1"
"Length_Weight","69329","None","1"
"Length_Weight","69330","None","1"
"Length_Weight","69331","None","1"
"Length_Weight","69335","None","1"
"Length_Weight","69336","None","1"
"Length_Weight","69341","None","1"
"Length_Weight","2","None","1"
"Length_Weight","3","None","1"
"Length_Weight","10","None","1"
"Length_Weight","21","None","1"
"Length_Weight","100","None","1"
"Length_Weight","109","None","1"
"Length_Weight","110","None","1"
"Length_Weight","120","None","1"
"Length_Weight","150","None","1"
"Length_Weight","151","None","1"
"Length_Weight","160","None","1"
"Length_Weight","180","None","1"
"Length_Weight","200","None","1"
"Length_Weight","201","None","1"
"Length_Weight","210","None","1"
"Length_Weight","211","None","1"
"Length_Weight","212","None","1"
"Length_Weight","213","None","1"
"Length_Weight","214","None","1"
"Length_Weight","222","None","1"
"LW_Sex","232","None","1"
"Length_Weight","232","None","1"
"Length_Weight","242","None","1"
"Length_Weight","252","None","1"
"Length_Weight","310","None","1"
"LW_Sex","320","None","1"
"Length_Weight","320","None","1"
"Length_Weight","332","None","1"
"Length_Weight","339","None","1"
"Length_Weight","340","None","1"
"Length_Weight","341","None","1"
"Length_Weight","351","None","1"
"Length_Weight","355","None","1"
"Length_Weight","400","None","1"
"Length_Weight","401","None","1"
"Length_Weight","402","None","1"
"Length_Weight","403","None","1"
"Length_Weight","404","None","1"
"Length_Weight","405","None","1"
"Length_Weight","406","None","1"
"Length_Weight","410","None","1"
"Length_Weight","420","None","1"
"Length_Weight","421","None","1"
"Length_Weight","425","None","1"
"Length_Weight","435","None","1"
"Length_Weight","436","None","1"
"Length_Weight","440","None","1"
"Length_Weight","445","None","1"
"Length_Weight","450","None","1"
"Length_Weight","455","None","1"
"Length_Weight","460","None","1"
"Length_Weight","461","None","1"
"Length_Weight","471","None","1"
"Length_Weight","472","None","1"
"Length_Weight","475","None","1"
"Length_Weight","480","None","1"
"Length_Weight","485","None","1"
"Length_Weight","490","None","1"
"Length_Weight","495","None","1"
"Length_Weight","610","None","1"
"Length_Weight","710","None","1"
"Length_Weight","711","None","1"
"Length_Weight","10000","None","1"
"Length_Weight","10001","None","1"
"Length_Weight","10002","None","1"
"Length_Weight","10003","None","1"
"Length_Weight","10008","None","1"
"Length_Weight","10009","None","1"
"Length_Weight","10010","None","1"
"Length_Weight","10020","None","1"
"Length_Weight","10041","None","1"
"Length_Weight","10050","None","1"
"Length_Weight","10060","None","1"
"Length_Weight","10100","None","1"
"Non-Pollock_stomach","10110","None","0"
"Length_Weight","10110","None","1"
"Length_Weight","10111","None","1"
"Length_Weight","10112","None","1"
"Length_Weight","10115","None","1"
"Non-Pollock_stomach","10120","None","0"
"Length_Weight","10120","None","1"
"Length_Weight","10122","None","1"
"Length_Weight","10129","None","1"
"Length_Weight","10130","None","1"
"Length_Weight","10140","None","1"
"Length_Weight","10145","None","1"
"Length_Weight","10150","None","1"
"Length_Weight","10155","None","1"
"Length_Weight","10160","None","1"
"Length_Weight","10170","None","1"
"Length_Weight","10180","None","1"
"Length_Weight","10190","None","1"
"Length_Weight","10200","None","1"
"Length_Weight","10201","None","1"
"Length_Weight","10210","None","1"
"Length_Weight","10211","None","1"
"Length_Weight","10212","None","1"
"Length_Weight","10220","None","1"
"Length_Weight","10221","None","1"
"Length_Weight","10240","None","1"
"Length_Weight","10250","None","1"
"Length_Weight","10260","None","1"
"Length_Weight","10261","None","1"
"Length_Weight","10262","None","1"
"Length_Weight","10270","None","1"
"Length_Weight","10280","None","1"
"Length_Weight","10281","None","1"
"Length_Weight","10285","None","1"
"Length_Weight","10291","None","1"
"Length_Weight","10295","None","1"
"Length_Weight","10400","None","1"
"Length_Weight","20000","None","1"
"Length_Weight","20001","None","1"
"Length_Weight","20002","None","1"
"Length_Weight","20004","None","1"
"Length_Weight","20005","None","1"
"Length_Weight","20006","None","1"
"Length_Weight","20015","None","1"
"Length_Weight","20018","None","1"
"Length_Weight","20020","None","1"
"Length_Weight","20021","None","1"
"Length_Weight","20022","None","1"
"Length_Weight","20023","None","1"
"Length_Weight","20034","None","1"
"Length_Weight","20035","None","1"
"Length_Weight","20036","None","1"
"Length_Weight","20037","None","1"
"Length_Weight","20038","None","1"
"Length_Weight","20039","None","1"
"Length_Weight","20040","None","1"
"Length_Weight","20041","None","1"
"Length_Weight","20050","None","1"
"Length_Weight","20051","None","1"
"Length_Weight","20055","None","1"
"Length_Weight","20060","None","1"
"Length_Weight","20061","None","1"
"Length_Weight","20071","None","1"
"Length_Weight","20075","None","1"
"Length_Weight","20100","None","1"
"Length_Weight","20110","None","1"
"Length_Weight","20120","None","1"
"Length_Weight","20121","None","1"
"Length_Weight","20122","None","1"
"Length_Weight","20150","None","1"
"Length_Weight","20179","None","1"
"Length_Weight","20180","None","1"
"Forage_Fish_Length","20202","None","0"
"Length_Weight","20202","None","1"
"Length_Weight","20320","None","1"
"Length_Weight","20322","None","1"
"Length_Weight","20420","None","1"
"Non-Pollock_stomach","20510","None","0"
"Length_Weight","20510","None","1"
"Length_Weight","20542","None","1"
"Length_Weight","20571","None","1"
"Length_Weight","20572","None","1"
"Length_Weight","20573","None","1"
"Length_Weight","20575","None","1"
"Length_Weight","20610","None","1"
"Length_Weight","20614","None","1"
"Length_Weight","20615","None","1"
"Length_Weight","20619","None","1"
"Length_Weight","20620","None","1"
"Forage_Fish_Length","20622","None","0"
"Length_Weight","20622","None","1"
"Length_Weight","20624","None","1"
"Length_Weight","20660","None","1"
"Length_Weight","20662","None","1"
"Length_Weight","20700","None","1"
"Length_Weight","20702","None","1"
"Length_Weight","20712","None","1"
"Length_Weight","20713","None","1"
"Length_Weight","20720","None","1"
"Length_Weight","20722","None","1"
"Length_Weight","20731","None","1"
"Length_Weight","20801","None","1"
"Length_Weight","20802","None","1"
"Length_Weight","20842","None","1"
"Length_Weight","20871","None","1"
"Length_Weight","20900","None","1"
"Length_Weight","20901","None","1"
"Length_Weight","20902","None","1"
"Length_Weight","20905","None","1"
"Length_Weight","20908","None","1"
"Length_Weight","20910","None","1"
"Length_Weight","20915","None","1"
"Length_Weight","20920","None","1"
"Length_Weight","20921","None","1"
"Length_Weight","20930","None","1"
"Length_Weight","20952","None","1"
"Length_Weight","20960","None","1"
"Length_Weight","20971","None","1"
"Length_Weight","20980","None","1"
"Length_Weight","20990","None","1"
"Length_Weight","20995","None","1"
"Length_Weight","21000","None","1"
"Length_Weight","21010","None","1"
"Forage_Fish_Length","21110","None","0"
"Non-Pollock_stomach","21110","None","0"
"Length_Weight","21110","None","1"
"Length_Weight","21120","None","1"
"Length_Weight","21130","None","1"
"Length_Weight","21150","None","1"
"Length_Weight","21200","None","1"
"Length_Weight","21201","None","1"
"Length_Weight","21202","None","1"
"Length_Weight","21204","None","1"
"Length_Weight","21210","None","1"
"Length_Weight","21220","None","1"
"Length_Weight","21230","None","1"
"Length_Weight","21232","None","1"
"Length_Weight","21238","None","1"
"Length_Weight","21239","None","1"
"Length_Weight","21240","None","1"
"Length_Weight","21300","None","1"
"Length_Weight","21305","None","1"
"Length_Weight","21307","None","1"
"Length_Weight","21308","None","1"
"Length_Weight","21309","None","1"
"Length_Weight","21310","None","1"
"Length_Weight","21311","None","1"
"Length_Weight","21312","None","1"
"Length_Weight","21313","None","1"
"Length_Weight","21314","None","1"
"Length_Weight","21315","None","1"
"Length_Weight","21316","None","1"
"Length_Weight","21318","None","1"
"Length_Weight","21320","None","1"
"Length_Weight","21327","None","1"
"Length_Weight","21329","None","1"
"Length_Weight","21330","None","1"
"Length_Weight","21331","None","1"
"Length_Weight","21332","None","1"
"Length_Weight","21333","None","1"
"Length_Weight","21334","None","1"
"Length_Weight","21335","None","1"
"Length_Weight","21336","None","1"
"Length_Weight","21337","None","1"
"Length_Weight","21338","None","1"
"Length_Weight","21339","None","1"
"Length_Weight","21340","None","1"
"Length_Weight","21341","None","1"
"Length_Weight","21342","None","1"
"Length_Weight","21343","None","1"
"Length_Weight","21344","None","1"
"Length_Weight","21345","None","1"
"Length_Weight","21346","None","1"
"Length_Weight","21347","None","1"
"Length_Weight","21348","None","1"
"Length_Weight","21349","None","1"
"Length_Weight","21350","None","1"
"Length_Weight","21352","None","1"
"Length_Weight","21353","None","1"
"Length_Weight","21354","None","1"
"Length_Weight","21355","None","1"
"Length_Weight","21356","None","1"
"Length_Weight","21359","None","1"
"Length_Weight","21360","None","1"
"Length_Weight","21363","None","1"
"Length_Weight","21366","None","1"
"Length_Weight","21368","None","1"
"Length_Weight","21369","None","1"
"Length_Weight","21370","None","1"
"Length_Weight","21371","None","1"
"Length_Weight","21373","None","1"
"Length_Weight","21375","None","1"
"Length_Weight","21376","None","1"
"Length_Weight","21377","None","1"
"Length_Weight","21378","None","1"
"Length_Weight","21379","None","1"
"Length_Weight","21380","None","1"
"Length_Weight","21383","None","1"
"Length_Weight","21384","None","1"
"Length_Weight","21386","None","1"
"Length_Weight","21387","None","1"
"Length_Weight","21388","None","1"
"Length_Weight","21389","None","1"
"Length_Weight","21390","None","1"
"Length_Weight","21393","None","1"
"Length_Weight","21394","None","1"
"Length_Weight","21395","None","1"
"Length_Weight","21397","None","1"
"Length_Weight","21398","None","1"
"Length_Weight","21405","None","1"
"Length_Weight","21406","None","1"
"Length_Weight","21407","None","1"
"Length_Weight","21415","None","1"
"Length_Weight","21420","None","1"
"Length_Weight","21421","None","1"
"Length_Weight","21422","None","1"
"Length_Weight","21423","None","1"
"Length_Weight","21429","None","1"
"Length_Weight","21437","None","1"
"Length_Weight","21438","None","1"
"Length_Weight","21439","None","1"
"Length_Weight","21440","None","1"
"Length_Weight","21441","None","1"
"Length_Weight","21443","None","1"
"Length_Weight","21444","None","1"
"Length_Weight","21445","None","1"
"Length_Weight","21446","None","1"
"Length_Weight","21447","None","1"
"Length_Weight","21484","None","1"
"Length_Weight","21500","None","1"
"Length_Weight","21501","None","1"
"Length_Weight","21506","None","1"
"Length_Weight","21510","None","1"
"Length_Weight","21515","None","1"
"Length_Weight","21521","None","1"
"Length_Weight","21522","None","1"
"Length_Weight","21592","None","1"
"Length_Weight","21594","None","1"
"Length_Weight","21595","None","1"
"Length_Weight","21596","None","1"
"Length_Weight","21597","None","1"
"Length_Weight","21598","None","1"
"Length_Weight","21705","None","1"
"Length_Weight","21710","None","1"
"Non-Pollock_stomach","21720","None","0"
"Length_Weight","21720","None","1"
"Length_Weight","21725","None","1"
"Length_Weight","21726","None","1"
"Length_Weight","21727","None","1"
"Length_Weight","21731","None","1"
"Length_Weight","21732","None","1"
"Length_Weight","21733","None","1"
"Length_Weight","21735","None","1"
"GOA_Summer_Pollock_Stomach","21740","Adult","0"
"GOA_Summer_Pollock_Otolith","21740","Adult","0"
"Winter_Pollock","21740","Adult","0"
"LW_sex_maturity","21740","Adult","0"
"GOA_Summer_Pollock_Length_Weight","21740","Adult","0"
"Finclip","21740","Adult","0"
"LW_Sex","21740","Adult","0"
"Winter_pol_LW_GSI_Otolith","21740","Adult","0"
"Winter_pol_LW_GSI","21740","Adult","0"
"GOA_Summer_Pollock_Stomach","21740","Age 1","0"
"GOA_Summer_Pollock_Otolith","21740","Age 1","0"
"Winter_Pollock","21740","Age 1","0"
"LW_sex_maturity","21740","Age 1","0"
"GOA_Summer_Pollock_Length_Weight","21740","Age 1","0"
"Finclip","21740","Age 1","0"
"LW_Sex","21740","Age 1","0"
"Winter_pol_LW_GSI_Otolith","21740","Age 1","0"
"Winter_pol_LW_GSI","21740","Age 1","0"
"GOA_Summer_Pollock_Stomach","21740","Age 2","0"
"GOA_Summer_Pollock_Otolith","21740","Age 2","0"
"Winter_Pollock","21740","Age 2","0"
"LW_sex_maturity","21740","Age 2","0"
"GOA_Summer_Pollock_Length_Weight","21740","Age 2","0"
"Finclip","21740","Age 2","0"
"LW_Sex","21740","Age 2","0"
"Winter_pol_LW_GSI_Otolith","21740","Age 2","0"
"Winter_pol_LW_GSI","21740","Age 2","0"
"GOA_Summer_Pollock_Stomach","21740","Age 3","0"
"GOA_Summer_Pollock_Otolith","21740","Age 3","0"
"Winter_Pollock","21740","Age 3","0"
"LW_sex_maturity","21740","Age 3","0"
"GOA_Summer_Pollock_Length_Weight","21740","Age 3","0"
"Finclip","21740","Age 3","0"
"LW_Sex","21740","Age 3","0"
"Winter_pol_LW_GSI_Otolith","21740","Age 3","0"
"Winter_pol_LW_GSI","21740","Age 3","0"
"GOA_Summer_Pollock_Stomach","21740","Age 0","0"
"GOA_Summer_Pollock_Otolith","21740","Age 0","0"
"GOA_Summer_Pollock_Length_Weight","21740","None","0"
"Age_0_pollock_length","21740","None","0"
"Length_Weight","21752","None","1"
"Length_Weight","21753","None","1"
"Length_Weight","21760","None","1"
"Length_Weight","21770","None","1"
"Length_Weight","21800","None","1"
"Length_Weight","21805","None","1"
"Length_Weight","21810","None","1"
"Length_Weight","21811","None","1"
"Length_Weight","21812","None","1"
"Length_Weight","21813","None","1"
"Length_Weight","21815","None","1"
"Length_Weight","21818","None","1"
"Length_Weight","21820","None","1"
"Length_Weight","21822","None","1"
"Length_Weight","21823","None","1"
"Length_Weight","21824","None","1"
"Length_Weight","21825","None","1"
"Length_Weight","21827","None","1"
"Length_Weight","21845","None","1"
"Length_Weight","21846","None","1"
"Length_Weight","21847","None","1"
"Length_Weight","21900","None","1"
"Length_Weight","21910","None","1"
"Length_Weight","21915","None","1"
"Length_Weight","21921","None","1"
"Length_Weight","21930","None","1"
"Length_Weight","21931","None","1"
"Length_Weight","21932","None","1"
"Length_Weight","21934","None","1"
"Length_Weight","21935","None","1"
"Length_Weight","21936","None","1"
"Length_Weight","21937","None","1"
"Length_Weight","22010","None","1"
"Length_Weight","22110","None","1"
"Length_Weight","22121","None","1"
"Length_Weight","22169","None","1"
"Length_Weight","22170","None","1"
"Length_Weight","22173","None","1"
"Length_Weight","22175","None","1"
"Length_Weight","22176","None","1"
"Length_Weight","22177","None","1"
"Length_Weight","22178","None","1"
"Length_Weight","22179","None","1"
"Length_Weight","22180","None","1"
"Length_Weight","22182","None","1"
"Length_Weight","22183","None","1"
"Length_Weight","22184","None","1"
"Length_Weight","22190","None","1"
"Length_Weight","22200","None","1"
"Length_Weight","22201","None","1"
"Length_Weight","22202","None","1"
"Length_Weight","22203","None","1"
"Length_Weight","22204","None","1"
"Length_Weight","22205","None","1"
"Length_Weight","22206","None","1"
"Length_Weight","22207","None","1"
"Length_Weight","22208","None","1"
"Length_Weight","22209","None","1"
"Length_Weight","22210","None","1"
"Length_Weight","22211","None","1"
"Length_Weight","22213","None","1"
"Length_Weight","22214","None","1"
"Length_Weight","22215","None","1"
"Length_Weight","22216","None","1"
"Length_Weight","22217","None","1"
"Length_Weight","22219","None","1"
"Length_Weight","22220","None","1"
"Length_Weight","22221","None","1"
"Length_Weight","22222","None","1"
"Length_Weight","22223","None","1"
"Length_Weight","22224","None","1"
"Length_Weight","22225","None","1"
"Length_Weight","22226","None","1"
"Length_Weight","22228","None","1"
"Length_Weight","22229","None","1"
"Length_Weight","22230","None","1"
"Length_Weight","22231","None","1"
"Length_Weight","22232","None","1"
"Length_Weight","22233","None","1"
"Length_Weight","22235","None","1"
"Length_Weight","22236","None","1"
"Length_Weight","22237","None","1"
"Length_Weight","22238","None","1"
"Length_Weight","22239","None","1"
"Length_Weight","22240","None","1"
"Length_Weight","22241","None","1"
"Length_Weight","22242","None","1"
"Length_Weight","22243","None","1"
"Length_Weight","22244","None","1"
"Length_Weight","22245","None","1"
"Length_Weight","22246","None","1"
"Length_Weight","22247","None","1"
"Length_Weight","22248","None","1"
"Length_Weight","22249","None","1"
"Length_Weight","22250","None","1"
"Length_Weight","22251","None","1"
"Length_Weight","22252","None","1"
"Length_Weight","22253","None","1"
"Length_Weight","22254","None","1"
"Length_Weight","22255","None","1"
"Length_Weight","22260","None","1"
"Length_Weight","22261","None","1"
"Length_Weight","22262","None","1"
"Length_Weight","22263","None","1"
"Length_Weight","22264","None","1"
"Length_Weight","22271","None","1"
"Length_Weight","22300","None","1"
"Length_Weight","22310","None","1"
"Length_Weight","22320","None","1"
"Length_Weight","22390","None","1"
"Length_Weight","22400","None","1"
"Length_Weight","22410","None","1"
"Length_Weight","22420","None","1"
"Length_Weight","22450","None","1"
"Length_Weight","22461","None","1"
"Length_Weight","22500","None","1"
"Length_Weight","22570","None","1"
"Length_Weight","22582","None","1"
"Length_Weight","22595","None","1"
"Forage_Fish_Length","22600","None","1"
"Length_Weight","22600","None","1"
"Length_Weight","22601","None","1"
"Forage_Fish_Length","22602","None","1"
"Length_Weight","22602","None","1"
"Forage_Fish_Length","22603","None","1"
"Length_Weight","22603","None","1"
"Length_Weight","22609","None","1"
"Length_Weight","22610","None","1"
"Length_Weight","22620","None","1"
"Length_Weight","22623","None","1"
"Length_Weight","22624","None","1"
"Length_Weight","22625","None","1"
"Length_Weight","22630","None","1"
"Length_Weight","22640","None","1"
"Length_Weight","22642","None","1"
"Length_Weight","22647","None","1"
"Length_Weight","22648","None","1"
"Length_Weight","22649","None","1"
"Length_Weight","22650","None","1"
"Length_Weight","22651","None","1"
"Length_Weight","22656","None","1"
"Length_Weight","22701","None","1"
"Length_Weight","22702","None","1"
"Length_Weight","22703","None","1"
"Length_Weight","22704","None","1"
"Length_Weight","22705","None","1"
"Length_Weight","22716","None","1"
"Length_Weight","22721","None","1"
"Length_Weight","22750","None","1"
"Length_Weight","22800","None","1"
"Length_Weight","22810","None","1"
"Length_Weight","22815","None","1"
"Length_Weight","22900","None","1"
"Length_Weight","22912","None","1"
"Length_Weight","22913","None","1"
"Length_Weight","22914","None","1"
"Length_Weight","22915","None","1"
"Length_Weight","22917","None","1"
"Length_Weight","22918","None","1"
"Length_Weight","22919","None","1"
"Length_Weight","22920","None","1"
"Length_Weight","22921","None","1"
"Length_Weight","22924","None","1"
"Length_Weight","22951","None","1"
"Length_Weight","22952","None","1"
"Length_Weight","22955","None","1"
"Length_Weight","22956","None","1"
"Length_Weight","23000","None","1"
"Forage_Fish_Length","23010","None","0"
"Non-Pollock_stomach","23010","None","0"
"Length_Weight","23010","None","1"
"Length_Weight","23020","None","1"
"Length_Weight","23030","None","1"
"Forage_Fish_Length","23041","None","0"
"Non-Pollock_stomach","23041","None","0"
"Length_Weight","23041","None","1"
"Length_Weight","23055","None","1"
"Length_Weight","23060","None","1"
"Length_Weight","23061","None","1"
"Length_Weight","23071","None","1"
"Length_Weight","23201","None","1"
"Length_Weight","23202","None","1"
"Non-Pollock_stomach","23220","None","0"
"Length_Weight","23220","None","1"
"Non-Pollock_stomach","23225","None","0"
"Length_Weight","23225","None","1"
"Length_Weight","23230","None","1"
"Non-Pollock_stomach","23235","None","0"
"Length_Weight","23235","None","1"
"Length_Weight","23240","None","1"
"Length_Weight","23250","None","1"
"Length_Weight","23252","None","1"
"Length_Weight","23260","None","1"
"Length_Weight","23310","None","1"
"Length_Weight","23402","None","1"
"Length_Weight","23500","None","1"
"Length_Weight","23524","None","1"
"Length_Weight","23562","None","1"
"Length_Weight","23590","None","1"
"Length_Weight","23602","None","1"
"Length_Weight","23603","None","1"
"Length_Weight","23620","None","1"
"Length_Weight","23621","None","1"
"Length_Weight","23657","None","1"
"Length_Weight","23700","None","1"
"Length_Weight","23710","None","1"
"Length_Weight","23720","None","1"
"Length_Weight","23791","None","1"
"Length_Weight","23792","None","1"
"Length_Weight","23800","None","1"
"Length_Weight","23801","None","1"
"Length_Weight","23802","None","1"
"Length_Weight","23803","None","1"
"Length_Weight","23804","None","1"
"Length_Weight","23805","None","1"
"Length_Weight","23806","None","1"
"Length_Weight","23807","None","1"
"Length_Weight","23808","None","1"
"Length_Weight","23809","None","1"
"Length_Weight","23836","None","1"
"Length_Weight","23840","None","1"
"Length_Weight","23841","None","1"
"Length_Weight","23843","None","1"
"Length_Weight","23850","None","1"
"Length_Weight","23851","None","1"
"Length_Weight","23861","None","1"
"Length_Weight","23862","None","1"
"Length_Weight","23863","None","1"
"Length_Weight","23865","None","1"
"Length_Weight","23866","None","1"
"Length_Weight","23871","None","1"
"Length_Weight","23872","None","1"
"Length_Weight","23873","None","1"
"Length_Weight","23900","None","1"
"Length_Weight","23911","None","1"
"Length_Weight","23915","None","1"
"Length_Weight","23932","None","1"
"Length_Weight","23933","None","1"
"Length_Weight","23940","None","1"
"Length_Weight","23942","None","1"
"Length_Weight","23943","None","1"
"Length_Weight","23944","None","1"
"Length_Weight","23945","None","1"
"Length_Weight","23950","None","1"
"Length_Weight","23952","None","1"
"Length_Weight","23958","None","1"
"Length_Weight","23960","None","1"
"Length_Weight","23961","None","1"
"Length_Weight","23962","None","1"
"Length_Weight","23963","None","1"
"Length_Weight","23970","None","1"
"Length_Weight","24001","None","1"
"Length_Weight","24100","None","1"
"Length_Weight","24110","None","1"
"Length_Weight","24111","None","1"
"Length_Weight","24113","None","1"
"Length_Weight","24114","None","1"
"Length_Weight","24120","None","1"
"Length_Weight","24130","None","1"
"Length_Weight","24140","None","1"
"Length_Weight","24150","None","1"
"Length_Weight","24151","None","1"
"Length_Weight","24152","None","1"
"Length_Weight","24153","None","1"
"Length_Weight","24158","None","1"
"Length_Weight","24160","None","1"
"Length_Weight","24165","None","1"
"Length_Weight","24166","None","1"
"Length_Weight","24170","None","1"
"Length_Weight","24180","None","1"
"Length_Weight","24181","None","1"
"Length_Weight","24182","None","1"
"Length_Weight","24184","None","1"
"Length_Weight","24185","None","1"
"Length_Weight","24186","None","1"
"Length_Weight","24187","None","1"
"Length_Weight","24188","None","1"
"Length_Weight","24189","None","1"
"Length_Weight","24190","None","1"
"Length_Weight","24191","None","1"
"Length_Weight","24192","None","1"
"Length_Weight","24193","None","1"
"Length_Weight","24194","None","1"
"Length_Weight","24200","None","1"
"Length_Weight","24220","None","1"
"Length_Weight","24230","None","1"
"Length_Weight","24231","None","1"
"Length_Weight","24232","None","1"
"Length_Weight","24233","None","1"
"Length_Weight","24240","None","1"
"Length_Weight","24393","None","1"
"Length_Weight","24394","None","1"
"Length_Weight","24395","None","1"
"Length_Weight","24404","None","1"
"Length_Weight","25100","None","1"
"Length_Weight","25120","None","1"
"Length_Weight","26050","None","1"
"Length_Weight","26053","None","1"
"Length_Weight","26060","None","1"
"Length_Weight","27020","None","1"
"Length_Weight","27028","None","1"
"Length_Weight","27050","None","1"
"Length_Weight","27051","None","1"
"Length_Weight","28532","None","1"
"Length_Weight","29990","None","1"
"Length_Weight","29996","None","1"
"Length_Weight","29999","None","1"
"Length_Weight","30000","None","1"
"Length_Weight","30010","None","1"
"Length_Weight","30020","None","1"
"Length_Weight","30025","None","1"
"Length_Weight","30030","None","1"
"Length_Weight","30035","None","1"
"Length_Weight","30040","None","1"
"LW_Sex","30050","None","1"
"Non-Pollock_stomach","30050","None","0"
"Length_Weight","30050","None","1"
"Conrath_2012","30050","None","0"
"Conrath_2012","30051","None","0"
"Length_Weight","30051","None","1"
"LW_Sex","30052","None","1"
"Non-Pollock_stomach","30052","None","0"
"Length_Weight","30052","None","1"
"Conrath_2012","30052","None","0"
"LW_Sex","30060","None","0"
"Non-Pollock_stomach","30060","None","0"
"Length_Weight","30060","None","1"
"Conrath_2012","30060","None","0"
"Length_Weight","30080","None","1"
"Length_Weight","30090","None","1"
"LW_Sex","30100","None","1"
"Non-Pollock_stomach","30100","None","0"
"Length_Weight","30100","None","1"
"Conrath_2012","30100","None","0"
"Length_Weight","30110","None","1"
"Length_Weight","30120","None","1"
"Length_Weight","30130","None","1"
"Length_Weight","30150","None","1"
"Length_Weight","30151","None","1"
"LW_Sex","30152","None","1"
"Non-Pollock_stomach","30152","None","0"
"Length_Weight","30152","None","1"
"Conrath_2012","30152","None","0"
"Length_Weight","30160","None","1"
"Length_Weight","30170","None","1"
"Length_Weight","30180","None","1"
"Length_Weight","30190","None","1"
"Length_Weight","30200","None","1"
"Length_Weight","30210","None","1"
"Length_Weight","30220","None","1"
"Length_Weight","30230","None","1"
"Length_Weight","30240","None","1"
"Length_Weight","30250","None","1"
"Length_Weight","30260","None","1"
"Length_Weight","30270","None","1"
"Length_Weight","30280","None","1"
"Length_Weight","30290","None","1"
"Length_Weight","30295","None","1"
"Length_Weight","30300","None","1"
"Length_Weight","30320","None","1"
"LW_Sex","30330","None","1"
"Length_Weight","30330","None","1"
"Conrath_2012","30330","None","0"
"Length_Weight","30340","None","1"
"Length_Weight","30350","None","1"
"Length_Weight","30360","None","1"
"Length_Weight","30370","None","1"
"Length_Weight","30380","None","1"
"Length_Weight","30390","None","1"
"LW_Sex","30400","None","1"
"Non-Pollock_stomach","30400","None","0"
"Length_Weight","30400","None","1"
"Conrath_2012","30400","None","0"
"Length_Weight","30410","None","1"
"LW_Sex","30420","None","1"
"Non-Pollock_stomach","30420","None","0"
"Length_Weight","30420","None","1"
"Conrath_2012","30420","None","0"
"Length_Weight","30430","None","1"
"Length_Weight","30460","None","1"
"LW_Sex","30470","None","1"
"Non-Pollock_stomach","30470","None","0"
"Length_Weight","30470","None","1"
"Conrath_2012","30470","None","0"
"Length_Weight","30475","None","1"
"Length_Weight","30480","None","1"
"Length_Weight","30490","None","1"
"Length_Weight","30500","None","1"
"Length_Weight","30510","None","1"
"Length_Weight","30535","None","1"
"Length_Weight","30540","None","1"
"Length_Weight","30550","None","1"
"Length_Weight","30560","None","1"
"Length_Weight","30570","None","1"
"Length_Weight","30575","None","1"
"LW_Sex","30576","None","1"
"Non-Pollock_stomach","30576","None","0"
"Conrath_2012","30576","None","0"
"Length_Weight","30576","None","1"
"Length_Weight","30580","None","1"
"Length_Weight","30590","None","1"
"Length_Weight","30600","None","1"
"Length_Weight","30611","None","1"
"Length_Weight","30620","None","1"
"Length_Weight","30630","None","1"
"Length_Weight","31501","None","1"
"Length_Weight","31550","None","1"
"Length_Weight","39100","None","1"
"Length_Weight","40001","None","1"
"Length_Weight","40008","None","1"
"Length_Weight","40009","None","1"
"Length_Weight","40010","None","1"
"Length_Weight","40011","None","1"
"Length_Weight","40012","None","1"
"Length_Weight","40020","None","1"
"Length_Weight","40028","None","1"
"Length_Weight","40049","None","1"
"Length_Weight","40050","None","1"
"Length_Weight","40500","None","1"
"Length_Weight","40501","None","1"
"Length_Weight","40502","None","1"
"Length_Weight","40503","None","1"
"Length_Weight","40504","None","1"
"Length_Weight","40505","None","1"
"Length_Weight","40506","None","1"
"Length_Weight","40507","None","1"
"Length_Weight","40508","None","1"
"Length_Weight","40509","None","1"
"Length_Weight","40510","None","1"
"Length_Weight","40511","None","1"
"Length_Weight","40512","None","1"
"Length_Weight","40560","None","1"
"Length_Weight","40561","None","1"
"Length_Weight","41000","None","1"
"Length_Weight","41100","None","1"
"Length_Weight","41101","None","1"
"Length_Weight","41102","None","1"
"Length_Weight","41201","None","1"
"Length_Weight","41221","None","1"
"Length_Weight","41300","None","1"
"Length_Weight","41331","None","1"
"Length_Weight","41332","None","1"
"Length_Weight","41333","None","1"
"Length_Weight","41500","None","1"
"Length_Weight","41510","None","1"
"Length_Weight","41520","None","1"
"Length_Weight","41522","None","1"
"Length_Weight","41523","None","1"
"Length_Weight","41525","None","1"
"Length_Weight","41530","None","1"
"Length_Weight","41540","None","1"
"Length_Weight","41550","None","1"
"Length_Weight","41570","None","1"
"Length_Weight","41571","None","1"
"Length_Weight","41572","None","1"
"Length_Weight","41580","None","1"
"Length_Weight","41582","None","1"
"Length_Weight","41583","None","1"
"Length_Weight","41585","None","1"
"Length_Weight","41586","None","1"
"Length_Weight","41600","None","1"
"Length_Weight","41700","None","1"
"Length_Weight","41701","None","1"
"Length_Weight","41750","None","1"
"Length_Weight","41751","None","1"
"Length_Weight","42000","None","1"
"Length_Weight","42001","None","1"
"Length_Weight","42003","None","1"
"Length_Weight","42004","None","1"
"Length_Weight","42005","None","1"
"Length_Weight","42008","None","1"
"Length_Weight","42010","None","1"
"Length_Weight","42012","None","1"
"Length_Weight","42013","None","1"
"Length_Weight","42015","None","1"
"Length_Weight","42017","None","1"
"Length_Weight","42020","None","1"
"Length_Weight","43000","None","1"
"Length_Weight","43001","None","1"
"Length_Weight","43002","None","1"
"Length_Weight","43003","None","1"
"Length_Weight","43004","None","1"
"Length_Weight","43005","None","1"
"Length_Weight","43006","None","1"
"Length_Weight","43007","None","1"
"Length_Weight","43009","None","1"
"Length_Weight","43010","None","1"
"Length_Weight","43020","None","1"
"Length_Weight","43021","None","1"
"Length_Weight","43029","None","1"
"Length_Weight","43030","None","1"
"Length_Weight","43032","None","1"
"Length_Weight","43040","None","1"
"Length_Weight","43041","None","1"
"Length_Weight","43042","None","1"
"Length_Weight","43045","None","1"
"Length_Weight","43050","None","1"
"Length_Weight","43082","None","1"
"Length_Weight","43090","None","1"
"Length_Weight","43100","None","1"
"Length_Weight","43110","None","1"
"Length_Weight","43200","None","1"
"Length_Weight","43201","None","1"
"Length_Weight","43225","None","1"
"Length_Weight","44000","None","1"
"Length_Weight","44005","None","1"
"Length_Weight","44010","None","1"
"Length_Weight","44011","None","1"
"Length_Weight","44020","None","1"
"Length_Weight","44023","None","1"
"Length_Weight","44028","None","1"
"Length_Weight","44029","None","1"
"Length_Weight","44030","None","1"
"Length_Weight","44031","None","1"
"Length_Weight","44032","None","1"
"Length_Weight","44033","None","1"
"Length_Weight","44034","None","1"
"Length_Weight","44035","None","1"
"Length_Weight","44036","None","1"
"Length_Weight","44037","None","1"
"Length_Weight","44038","None","1"
"Length_Weight","44039","None","1"
"Length_Weight","44040","None","1"
"Length_Weight","44041","None","1"
"Length_Weight","44042","None","1"
"Length_Weight","69400","None","1"
"Length_Weight","69520","None","1"
"Length_Weight","69530","None","1"
"Length_Weight","69531","None","1"
"Length_Weight","69540","None","1"
"Length_Weight","69550","None","1"
"Length_Weight","69552","None","1"
"Length_Weight","69554","None","1"
"Length_Weight","69556","None","1"
"Length_Weight","69557","None","1"
"Length_Weight","69560","None","1"
"Length_Weight","69642","None","1"
"Length_Weight","69650","None","1"
"Length_Weight","69651","None","1"
"Length_Weight","69652","None","1"
"Length_Weight","69653","None","1"
"Length_Weight","69655","None","1"
"Length_Weight","69900","None","1"
"Length_Weight","69910","None","1"
"Length_Weight","69911","None","1"
"Length_Weight","70000","None","1"
"Length_Weight","70050","None","1"
"Length_Weight","70060","None","1"
"Length_Weight","70100","None","1"
"Length_Weight","70108","None","1"
"Length_Weight","70110","None","1"
"Length_Weight","70111","None","1"
"Length_Weight","70112","None","1"
"Length_Weight","70113","None","1"
"Length_Weight","70115","None","1"
"Length_Weight","70119","None","1"
"Length_Weight","70121","None","1"
"Length_Weight","70122","None","1"
"Length_Weight","70124","None","1"
"Length_Weight","70125","None","1"
"Length_Weight","70126","None","1"
"Length_Weight","70127","None","1"
"Length_Weight","71001","None","1"
"Length_Weight","71002","None","1"
"Length_Weight","71003","None","1"
"Length_Weight","71004","None","1"
"Length_Weight","71010","None","1"
"Length_Weight","71011","None","1"
"Length_Weight","71012","None","1"
"Length_Weight","71013","None","1"
"Length_Weight","71014","None","1"
"Length_Weight","71015","None","1"
"Length_Weight","71016","None","1"
"Length_Weight","71018","None","1"
"Length_Weight","71020","None","1"
"Length_Weight","71021","None","1"
"Length_Weight","71022","None","1"
"Length_Weight","71025","None","1"
"Length_Weight","71030","None","1"
"Length_Weight","71050","None","1"
"Length_Weight","71055","None","1"
"Length_Weight","71080","None","1"
"Length_Weight","71152","None","1"
"Length_Weight","71202","None","1"
"Length_Weight","71230","None","1"
"Length_Weight","71250","None","1"
"Length_Weight","71260","None","1"
"Length_Weight","71291","None","1"
"Length_Weight","71349","None","1"
"Length_Weight","71350","None","1"
"Length_Weight","71351","None","1"
"Length_Weight","71400","None","1"
"Length_Weight","71405","None","1"
"Length_Weight","71500","None","1"
"Length_Weight","71501","None","1"
"Length_Weight","71504","None","1"
"Length_Weight","71510","None","1"
"Length_Weight","71515","None","1"
"Length_Weight","71516","None","1"
"Length_Weight","71525","None","1"
"Length_Weight","71526","None","1"
"Length_Weight","71530","None","1"
"Length_Weight","71535","None","1"
"Length_Weight","71537","None","1"
"Length_Weight","71540","None","1"
"Length_Weight","71541","None","1"
"Length_Weight","71542","None","1"
"Length_Weight","71570","None","1"
"Length_Weight","71575","None","1"
"Length_Weight","71580","None","1"
"Length_Weight","71584","None","1"
"Length_Weight","71585","None","1"
"Length_Weight","71586","None","1"
"Length_Weight","71590","None","1"
"Length_Weight","71631","None","1"
"Length_Weight","71634","None","1"
"Length_Weight","71635","None","1"
"Length_Weight","71640","None","1"
"Length_Weight","71681","None","1"
"Length_Weight","71700","None","1"
"Length_Weight","71710","None","1"
"Length_Weight","71715","None","1"
"Length_Weight","71718","None","1"
"Length_Weight","71719","None","1"
"Length_Weight","71721","None","1"
"Length_Weight","71722","None","1"
"Length_Weight","71723","None","1"
"Length_Weight","71724","None","1"
"Length_Weight","71725","None","1"
"Length_Weight","71726","None","1"
"Length_Weight","71727","None","1"
"Length_Weight","71728","None","1"
"Length_Weight","71730","None","1"
"Length_Weight","71731","None","1"
"Length_Weight","71732","None","1"
"Length_Weight","71733","None","1"
"Length_Weight","71734","None","1"
"Length_Weight","71740","None","1"
"Length_Weight","71741","None","1"
"Length_Weight","71748","None","1"
"Length_Weight","71749","None","1"
"Length_Weight","71750","None","1"
"Length_Weight","71751","None","1"
"Length_Weight","71753","None","1"
"Length_Weight","71755","None","1"
"Length_Weight","71756","None","1"
"Length_Weight","71757","None","1"
"Length_Weight","71759","None","1"
"Length_Weight","71760","None","1"
"Length_Weight","71761","None","1"
"Length_Weight","71762","None","1"
"Length_Weight","71763","None","1"
"Length_Weight","71764","None","1"
"Length_Weight","71765","None","1"
"Length_Weight","71766","None","1"
"Length_Weight","71769","None","1"
"Length_Weight","71770","None","1"
"Length_Weight","71771","None","1"
"Length_Weight","71772","None","1"
"Length_Weight","71773","None","1"
"Length_Weight","71774","None","1"
"Length_Weight","71775","None","1"
"Length_Weight","71776","None","1"
"Length_Weight","71777","None","1"
"Length_Weight","71778","None","1"
"Length_Weight","71779","None","1"
"Length_Weight","71790","None","1"
"Length_Weight","71795","None","1"
"Length_Weight","71800","None","1"
"Length_Weight","71802","None","1"
"Length_Weight","71810","None","1"
"Length_Weight","71811","None","1"
"Length_Weight","71820","None","1"
"Length_Weight","71822","None","1"
"Length_Weight","71835","None","1"
"Length_Weight","71840","None","1"
"Length_Weight","71850","None","1"
"Length_Weight","71860","None","1"
"Length_Weight","71865","None","1"
"Length_Weight","71866","None","1"
"Length_Weight","71870","None","1"
"Length_Weight","71880","None","1"
"Length_Weight","71881","None","1"
"Length_Weight","71882","None","1"
"Length_Weight","71883","None","1"
"Length_Weight","71884","None","1"
"Length_Weight","71886","None","1"
"Length_Weight","71890","None","1"
"Length_Weight","71891","None","1"
"Length_Weight","71892","None","1"
"Length_Weight","71893","None","1"
"Length_Weight","71894","None","1"
"Length_Weight","71895","None","1"
"Length_Weight","71896","None","1"
"Length_Weight","71900","None","1"
"Length_Weight","71901","None","1"
"Length_Weight","71904","None","1"
"Length_Weight","71905","None","1"
"Length_Weight","71906","None","1"
"Length_Weight","71910","None","1"
"Length_Weight","71911","None","1"
"Length_Weight","71912","None","1"
"Length_Weight","71960","None","1"
"Length_Weight","72019","None","1"
"Length_Weight","72020","None","1"
"Length_Weight","72021","None","1"
"Length_Weight","72022","None","1"
"Length_Weight","72059","None","1"
"Length_Weight","72060","None","1"
"Length_Weight","72063","None","1"
"Length_Weight","72065","None","1"
"Length_Weight","72100","None","1"
"Length_Weight","72103","None","1"
"Length_Weight","72181","None","1"
"Length_Weight","72300","None","1"
"Length_Weight","72303","None","1"
"Length_Weight","72304","None","1"
"Length_Weight","72305","None","1"
"Length_Weight","72370","None","1"
"Length_Weight","72380","None","1"
"Length_Weight","72395","None","1"
"Length_Weight","72403","None","1"
"Length_Weight","72406","None","1"
"Length_Weight","72407","None","1"
"Length_Weight","72420","None","1"
"Length_Weight","72421","None","1"
"Length_Weight","72423","None","1"
"Length_Weight","72500","None","1"
"Length_Weight","72501","None","1"
"Length_Weight","72510","None","1"
"Length_Weight","72511","None","1"
"Length_Weight","72512","None","1"
"Length_Weight","72515","None","1"
"Length_Weight","72520","None","1"
"Length_Weight","72525","None","1"
"Length_Weight","72531","None","1"
"Length_Weight","72532","None","1"
"Length_Weight","72533","None","1"
"Length_Weight","72534","None","1"
"Length_Weight","72535","None","1"
"Length_Weight","72540","None","1"
"Length_Weight","72541","None","1"
"Length_Weight","72543","None","1"
"Length_Weight","72544","None","1"
"Length_Weight","72738","None","1"
"Length_Weight","72739","None","1"
"Length_Weight","72740","None","1"
"Length_Weight","72741","None","1"
"Length_Weight","72742","None","1"
"Length_Weight","72743","None","1"
"Length_Weight","72744","None","1"
"Length_Weight","72745","None","1"
"Length_Weight","72746","None","1"
"Length_Weight","72747","None","1"
"Length_Weight","72748","None","1"
"Length_Weight","72749","None","1"
"Length_Weight","72750","None","1"
"Length_Weight","72751","None","1"
"Length_Weight","72752","None","1"
"Length_Weight","72753","None","1"
"Length_Weight","72754","None","1"
"Length_Weight","72755","None","1"
"Length_Weight","72756","None","1"
"Length_Weight","72757","None","1"
"Length_Weight","72758","None","1"
"Length_Weight","72759","None","1"
"Length_Weight","72760","None","1"
"Length_Weight","72761","None","1"
"Length_Weight","72762","None","1"
"Length_Weight","72763","None","1"
"Length_Weight","72764","None","1"
"Length_Weight","72765","None","1"
"Length_Weight","72767","None","1"
"Length_Weight","72789","None","1"
"Length_Weight","72790","None","1"
"Length_Weight","72791","None","1"
"Length_Weight","72795","None","1"
"Length_Weight","72800","None","1"
"Length_Weight","72801","None","1"
"Length_Weight","72802","None","1"
"Length_Weight","72803","None","1"
"Length_Weight","72804","None","1"
"Length_Weight","72805","None","1"
"Length_Weight","72806","None","1"
"Length_Weight","73183","None","1"
"Length_Weight","73185","None","1"
"Length_Weight","73186","None","1"
"Length_Weight","73351","None","1"
"Length_Weight","74000","None","1"
"Length_Weight","74001","None","1"
"Length_Weight","74050","None","1"
"Length_Weight","74060","None","1"
"Length_Weight","74065","None","1"
"Length_Weight","74070","None","1"
"Length_Weight","74080","None","1"
"Length_Weight","74100","None","1"
"Length_Weight","74103","None","1"
"Length_Weight","74104","None","1"
"Length_Weight","74105","None","1"
"Length_Weight","74106","None","1"
"Length_Weight","74107","None","1"
"Length_Weight","74109","None","1"
"Length_Weight","74112","None","1"
"Length_Weight","74120","None","1"
"Length_Weight","74130","None","1"
"Length_Weight","74150","None","1"
"Length_Weight","74171","None","1"
"Length_Weight","74175","None","1"
"Length_Weight","74176","None","1"
"Length_Weight","74177","None","1"
"Length_Weight","74301","None","1"
"Length_Weight","74310","None","1"
"Length_Weight","74311","None","1"
"Length_Weight","74320","None","1"
"Length_Weight","74321","None","1"
"Length_Weight","74325","None","1"
"Length_Weight","74326","None","1"
"Length_Weight","74333","None","1"
"Length_Weight","74342","None","1"
"Length_Weight","74412","None","1"
"Length_Weight","74414","None","1"
"Length_Weight","74415","None","1"
"Length_Weight","74416","None","1"
"Length_Weight","74417","None","1"
"Length_Weight","74419","None","1"
"Length_Weight","74420","None","1"
"Length_Weight","74421","None","1"
"Length_Weight","74425","None","1"
"Length_Weight","74435","None","1"
"Length_Weight","74436","None","1"
"Length_Weight","74439","None","1"
"Length_Weight","74440","None","1"
"Length_Weight","74481","None","1"
"Length_Weight","74482","None","1"
"Length_Weight","74490","None","1"
"Length_Weight","74552","None","1"
"Length_Weight","74560","None","1"
"Length_Weight","74561","None","1"
"Length_Weight","74562","None","1"
"Length_Weight","74563","None","1"
"Length_Weight","74564","None","1"
"Length_Weight","74639","None","1"
"Length_Weight","74640","None","1"
"Length_Weight","74641","None","1"
"Length_Weight","74642","None","1"
"Length_Weight","74643","None","1"
"Length_Weight","74644","None","1"
"Length_Weight","74650","None","1"
"Length_Weight","74653","None","1"
"Length_Weight","74654","None","1"
"Length_Weight","74655","None","1"
"Length_Weight","74656","None","1"
"Length_Weight","74712","None","1"
"Length_Weight","74801","None","1"
"Length_Weight","74802","None","1"
"Length_Weight","74803","None","1"
"Length_Weight","74980","None","1"
"Length_Weight","74981","None","1"
"Length_Weight","74982","None","1"
"Length_Weight","74983","None","1"
"Length_Weight","74985","None","1"
"Length_Weight","74986","None","1"
"Length_Weight","75016","None","1"
"Length_Weight","75020","None","1"
"Length_Weight","75021","None","1"
"Length_Weight","75025","None","1"
"Length_Weight","75030","None","1"
"Length_Weight","75092","None","1"
"Length_Weight","75102","None","1"
"Length_Weight","75103","None","1"
"Length_Weight","75110","None","1"
"Length_Weight","75111","None","1"
"Length_Weight","75201","None","1"
"Length_Weight","75202","None","1"
"Length_Weight","75203","None","1"
"Length_Weight","75205","None","1"
"Length_Weight","75240","None","1"
"Length_Weight","75241","None","1"
"Length_Weight","75242","None","1"
"Length_Weight","75244","None","1"
"Length_Weight","75247","None","1"
"Length_Weight","75264","None","1"
"Length_Weight","75266","None","1"
"Length_Weight","75267","None","1"
"Length_Weight","75284","None","1"
"Length_Weight","75285","None","1"
"Length_Weight","75286","None","1"
"Length_Weight","75330","None","1"
"Length_Weight","75332","None","1"
"Length_Weight","75333","None","1"
"Length_Weight","75335","None","1"
"Length_Weight","75336","None","1"
"Length_Weight","75372","None","1"
"Length_Weight","75381","None","1"
"Length_Weight","75382","None","1"
"Length_Weight","75410","None","1"
"Length_Weight","75551","None","1"
"Length_Weight","75600","None","1"
"Length_Weight","75601","None","1"
"Length_Weight","75605","None","1"
"Length_Weight","75606","None","1"
"Length_Weight","75609","None","1"
"Length_Weight","75610","None","1"
"Length_Weight","77000","None","1"
"Length_Weight","77011","None","1"
"Length_Weight","77012","None","1"
"Length_Weight","77102","None","1"
"Length_Weight","78000","None","1"
"Length_Weight","78001","None","1"
"Length_Weight","78010","None","1"
"Length_Weight","78011","None","1"
"Length_Weight","78012","None","1"
"Length_Weight","78020","None","1"
"Length_Weight","78021","None","1"
"Length_Weight","78030","None","1"
"Length_Weight","78040","None","1"
"Length_Weight","78210","None","1"
"Length_Weight","78300","None","1"
"Length_Weight","78352","None","1"
"Length_Weight","78403","None","1"
"Length_Weight","78404","None","1"
"Length_Weight","78452","None","1"
"Length_Weight","78502","None","1"
"Length_Weight","79000","None","1"
"Length_Weight","79001","None","1"
"Length_Weight","79002","None","1"
"Length_Weight","79020","None","1"
"Length_Weight","79120","None","1"
"Length_Weight","79200","None","1"
"Length_Weight","79201","None","1"
"Length_Weight","79202","None","1"
"Length_Weight","79203","None","1"
"Length_Weight","79204","None","1"
"Length_Weight","79210","None","1"
"Length_Weight","79250","None","1"
"Length_Weight","79252","None","1"
"Length_Weight","79254","None","1"
"Length_Weight","79259","None","1"
"Length_Weight","79260","None","1"
"Length_Weight","79302","None","1"
"Length_Weight","79310","None","1"
"Length_Weight","79311","None","1"
"Length_Weight","79312","None","1"
"Length_Weight","79340","None","1"
"Length_Weight","79351","None","1"
"Length_Weight","79352","None","1"
"Length_Weight","79403","None","1"
"Length_Weight","79404","None","1"
"Length_Weight","79405","None","1"
"Length_Weight","79406","None","1"
"Length_Weight","79440","None","1"
"Length_Weight","79442","None","1"
"Length_Weight","79504","None","1"
"Length_Weight","79509","None","1"
"Length_Weight","79510","None","1"
"Length_Weight","79512","None","1"
"Length_Weight","80000","None","1"
"Length_Weight","80005","None","1"
"Length_Weight","80006","None","1"
"Length_Weight","80010","None","1"
"Length_Weight","80015","None","1"
"Length_Weight","80018","None","1"
"Length_Weight","80020","None","1"
"Length_Weight","80105","None","1"
"Length_Weight","80106","None","1"
"Length_Weight","80110","None","1"
"Length_Weight","80111","None","1"
"Length_Weight","80112","None","1"
"Length_Weight","80115","None","1"
"Length_Weight","80120","None","1"
"Length_Weight","80160","None","1"
"Length_Weight","80170","None","1"
"Length_Weight","80171","None","1"
"Length_Weight","80180","None","1"
"Length_Weight","80182","None","1"
"Length_Weight","80190","None","1"
"Length_Weight","80200","None","1"
"Length_Weight","80220","None","1"
"Length_Weight","80230","None","1"
"Length_Weight","80250","None","1"
"Length_Weight","80310","None","1"
"Length_Weight","80311","None","1"
"Length_Weight","80312","None","1"
"Length_Weight","80520","None","1"
"Length_Weight","80525","None","1"
"Length_Weight","80540","None","1"
"Length_Weight","80541","None","1"
"Length_Weight","80542","None","1"
"Length_Weight","80543","None","1"
"Length_Weight","80544","None","1"
"Length_Weight","80546","None","1"
"Length_Weight","80547","None","1"
"Length_Weight","80548","None","1"
"Length_Weight","80549","None","1"
"Length_Weight","80550","None","1"
"Length_Weight","80551","None","1"
"Length_Weight","80590","None","1"
"Length_Weight","80594","None","1"
"Length_Weight","80595","None","1"
"Length_Weight","80596","None","1"
"Length_Weight","80601","None","1"
"Length_Weight","80602","None","1"
"Length_Weight","80610","None","1"
"Length_Weight","80620","None","1"
"Length_Weight","80624","None","1"
"Length_Weight","80625","None","1"
"Length_Weight","80630","None","1"
"Length_Weight","80631","None","1"
"Length_Weight","80632","None","1"
"Length_Weight","80633","None","1"
"Length_Weight","80640","None","1"
"Length_Weight","80645","None","1"
"Length_Weight","80650","None","1"
"Length_Weight","80660","None","1"
"Length_Weight","80670","None","1"
"Length_Weight","80690","None","1"
"Length_Weight","80691","None","1"
"Length_Weight","80710","None","1"
"Length_Weight","80728","None","1"
"Length_Weight","80729","None","1"
"Length_Weight","80730","None","1"
"Length_Weight","80731","None","1"
"Length_Weight","80732","None","1"
"Length_Weight","80800","None","1"
"Length_Weight","80810","None","1"
"Length_Weight","80910","None","1"
"Length_Weight","80915","None","1"
"Length_Weight","81060","None","1"
"Length_Weight","81061","None","1"
"Length_Weight","81062","None","1"
"Length_Weight","81063","None","1"
"Length_Weight","81064","None","1"
"Length_Weight","81065","None","1"
"Length_Weight","81066","None","1"
"Length_Weight","81067","None","1"
"Length_Weight","81080","None","1"
"Length_Weight","81090","None","1"
"Length_Weight","81092","None","1"
"Length_Weight","81095","None","1"
"Length_Weight","81100","None","1"
"Length_Weight","81120","None","1"
"Length_Weight","81125","None","1"
"Length_Weight","81130","None","1"
"Length_Weight","81135","None","1"
"Length_Weight","81295","None","1"
"Length_Weight","81310","None","1"
"Length_Weight","81311","None","1"
"Length_Weight","81312","None","1"
"Length_Weight","81313","None","1"
"Length_Weight","81314","None","1"
"Length_Weight","81315","None","1"
"Length_Weight","81316","None","1"
"Length_Weight","81320","None","1"
"Length_Weight","81321","None","1"
"Length_Weight","81340","None","1"
"Length_Weight","81345","None","1"
"Length_Weight","81350","None","1"
"Length_Weight","81355","None","1"
"Length_Weight","81356","None","1"
"Length_Weight","81360","None","1"
"Length_Weight","81361","None","1"
"Length_Weight","81370","None","1"
"Length_Weight","81741","None","1"
"Length_Weight","81742","None","1"
"Length_Weight","81743","None","1"
"Length_Weight","81779","None","1"
"Length_Weight","81780","None","1"
"Length_Weight","81820","None","1"
"Length_Weight","81830","None","1"
"Length_Weight","81831","None","1"
"Length_Weight","81835","None","1"
"Length_Weight","81840","None","1"
"Length_Weight","81850","None","1"
"Length_Weight","81860","None","1"
"Length_Weight","81870","None","1"
"Length_Weight","81875","None","1"
"Length_Weight","81880","None","1"
"Length_Weight","81890","None","1"
"Length_Weight","81910","None","1"
"Length_Weight","81912","None","1"
"Length_Weight","81919","None","1"
"Length_Weight","81920","None","1"
"Length_Weight","81921","None","1"
"Length_Weight","81930","None","1"
"Length_Weight","82000","None","1"
"Length_Weight","82001","None","1"
"Length_Weight","82002","None","1"
"Length_Weight","82030","None","1"
"Length_Weight","82035","None","1"
"Length_Weight","82060","None","1"
"Length_Weight","82090","None","1"
"Length_Weight","82091","None","1"
"Length_Weight","82100","None","1"
"Length_Weight","82500","None","1"
"Length_Weight","82510","None","1"
"Length_Weight","82511","None","1"
"Length_Weight","82515","None","1"
"Length_Weight","82520","None","1"
"Length_Weight","82522","None","1"
"Length_Weight","82525","None","1"
"Length_Weight","82526","None","1"
"Length_Weight","82530","None","1"
"Length_Weight","82535","None","1"
"Length_Weight","82650","None","1"
"Length_Weight","82660","None","1"
"Length_Weight","82670","None","1"
"Length_Weight","82672","None","1"
"Length_Weight","82673","None","1"
"Length_Weight","82675","None","1"
"Length_Weight","82680","None","1"
"Length_Weight","82685","None","1"
"Length_Weight","82730","None","1"
"Length_Weight","82740","None","1"
"Length_Weight","82750","None","1"
"Length_Weight","82755","None","1"
"Length_Weight","82757","None","1"
"Length_Weight","82760","None","1"
"Length_Weight","82761","None","1"
"Length_Weight","82770","None","1"
"Length_Weight","82771","None","1"
"Length_Weight","83000","None","1"
"Length_Weight","83020","None","1"
"Length_Weight","83055","None","1"
"Length_Weight","83060","None","1"
"Length_Weight","83070","None","1"
"Length_Weight","83075","None","1"
"Length_Weight","83080","None","1"
"Length_Weight","83090","None","1"
"Length_Weight","83310","None","1"
"Length_Weight","83320","None","1"
"Length_Weight","83339","None","1"
"Length_Weight","83340","None","1"
"Length_Weight","83342","None","1"
"Length_Weight","83343","None","1"
"Length_Weight","83360","None","1"
"Length_Weight","83390","None","1"
"Length_Weight","83400","None","1"
"Length_Weight","83402","None","1"
"Length_Weight","83405","None","1"
"Length_Weight","83406","None","1"
"Length_Weight","83407","None","1"
"Length_Weight","83411","None","1"
"Length_Weight","83480","None","1"
"Length_Weight","83660","None","1"
"Length_Weight","83700","None","1"
"Length_Weight","85000","None","1"
"Length_Weight","85010","None","1"
"Length_Weight","85015","None","1"
"Length_Weight","85016","None","1"
"Length_Weight","85020","None","1"
"Length_Weight","85060","None","1"
"Length_Weight","85070","None","1"
"Length_Weight","85110","None","1"
"Length_Weight","85115","None","1"
"Length_Weight","85120","None","1"
"Length_Weight","85140","None","1"
"Length_Weight","85167","None","1"
"Length_Weight","85169","None","1"
"Length_Weight","85170","None","1"
"Length_Weight","85175","None","1"
"Length_Weight","85180","None","1"
"Length_Weight","85200","None","1"
"Length_Weight","85201","None","1"
"Length_Weight","85202","None","1"
"Length_Weight","85205","None","1"
"Length_Weight","85209","None","1"
"Length_Weight","85210","None","1"
"Length_Weight","85219","None","1"
"Length_Weight","85220","None","1"
"Length_Weight","85222","None","1"
"Length_Weight","85269","None","1"
"Length_Weight","85270","None","1"
"Length_Weight","85290","None","1"
"Length_Weight","85410","None","1"
"Length_Weight","90000","None","1"
"Length_Weight","91000","None","1"
"Length_Weight","91002","None","1"
"Length_Weight","91005","None","1"
"Length_Weight","91010","None","1"
"Length_Weight","91015","None","1"
"Length_Weight","91016","None","1"
"Length_Weight","91020","None","1"
"Length_Weight","91030","None","1"
"Length_Weight","91031","None","1"
"Length_Weight","91039","None","1"
"Length_Weight","91040","None","1"
"Length_Weight","91045","None","1"
"Length_Weight","91049","None","1"
"Length_Weight","91050","None","1"
"Length_Weight","91051","None","1"
"Length_Weight","91052","None","1"
"Length_Weight","91053","None","1"
"Length_Weight","91054","None","1"
"Length_Weight","91055","None","1"
"Length_Weight","91056","None","1"
"Length_Weight","91057","None","1"
"Length_Weight","91059","None","1"
"Length_Weight","91060","None","1"
"Length_Weight","91061","None","1"
"Length_Weight","91064","None","1"
"Length_Weight","91065","None","1"
"Length_Weight","91066","None","1"
"Length_Weight","91067","None","1"
"Length_Weight","91068","None","1"
"Length_Weight","91069","None","1"
"Winter_pol_LW_GSI_Otolith","21740","None","0"
"Winter_pol_LW_GSI","21740","None","0"
"Length_Weight","91070","None","1"
"Length_Weight","91071","None","1"
"Length_Weight","91072","None","1"
"Length_Weight","91076","None","1"
"Length_Weight","91077","None","1"
"Length_Weight","91078","None","1"
"Length_Weight","91079","None","1"
"Length_Weight","91080","None","1"
"Length_Weight","91083","None","1"
"Length_Weight","91084","None","1"
"Length_Weight","91086","None","1"
"Length_Weight","91087","None","1"
"Length_Weight","91088","None","1"
"Length_Weight","91090","None","1"
"Length_Weight","91092","None","1"
"Length_Weight","91096","None","1"
"Length_Weight","91100","None","1"
"Length_Weight","91700","None","1"
"Length_Weight","92000","None","1"
"Length_Weight","92021","None","1"
"Length_Weight","92400","None","1"
"Length_Weight","92500","None","1"
"Length_Weight","93100","None","1"
"Length_Weight","93500","None","1"
"Length_Weight","94000","None","1"
"Length_Weight","94500","None","1"
"Length_Weight","94900","None","1"
"Length_Weight","95000","None","1"
"Length_Weight","95005","None","1"
"Length_Weight","95010","None","1"
"Length_Weight","95011","None","1"
"Length_Weight","95015","None","1"
"Length_Weight","95020","None","1"
"Length_Weight","95030","None","1"
"Length_Weight","95035","None","1"
"Length_Weight","95040","None","1"
"Length_Weight","95050","None","1"
"Length_Weight","95060","None","1"
"Length_Weight","95070","None","1"
"Length_Weight","95080","None","1"
"Length_Weight","95100","None","1"
"Length_Weight","97000","None","1"
"Length_Weight","97100","None","1"
"Length_Weight","97110","None","1"
"Length_Weight","97111","None","1"
"Length_Weight","97115","None","1"
"Length_Weight","97116","None","1"
"Length_Weight","97120","None","1"
"Length_Weight","98000","None","1"
"Length_Weight","98001","None","1"
"Length_Weight","98002","None","1"
"Length_Weight","98003","None","1"
"Length_Weight","98070","None","1"
"Length_Weight","98071","None","1"
"Length_Weight","98072","None","1"
"Length_Weight","98080","None","1"
"Length_Weight","98082","None","1"
"Length_Weight","98100","None","1"
"Length_Weight","98101","None","1"
"Length_Weight","98105","None","1"
"Length_Weight","98200","None","1"
"Length_Weight","98205","None","1"
"Length_Weight","98206","None","1"
"Length_Weight","98220","None","1"
"Length_Weight","98300","None","1"
"Length_Weight","98302","None","1"
"Length_Weight","98309","None","1"
"Length_Weight","98310","None","1"
"Length_Weight","98311","None","1"
"Length_Weight","98320","None","1"
"Length_Weight","98322","None","1"
"Length_Weight","98324","None","1"
"Length_Weight","98330","None","1"
"Length_Weight","99900","None","1"
"Length_Weight","99902","None","1"
"Length_Weight","99904","None","1"
"Length_Weight","99987","None","1"
"Length_Weight","99990","None","1"
"Length_Weight","99992","None","1"
"Length_Weight","99993","None","1"
"Length_Weight","99994","None","1"
"Length_Weight","99997","None","1"
"Length_Weight","99998","None","1"
"Length_Weight","99999","None","1"
"LW_Sex","21740","None","0"
"Mooring_Recovery_2015","21740","None","0"
"Winter_GOA_otolith_with_finclips","21740","Adult","0"
"Mooring_Recovery_2015","21740","Adult","0"
"Mooring_Recovery_2015","21740","Age 1","0"
"Mooring_Recovery_2015","21740","Age 2","0"
"Mooring_Recovery_2015","21740","Age 3","0"
"Winter_GOA_otolith_with_finclips","21740","Age 1","0"
"Winter_GOA_otolith_with_finclips","21740","Age 2","0"
"Winter_GOA_otolith_with_finclips","21740","Age 3","0"
"Winter_GOA_otolith_with_finclips","21740","None","0"
"Winter_GOA_standard_with_finclips","21740","Adult","0"
"Winter_GOA_standard_with_finclips","21740","Age 1","0"
"Winter_GOA_standard_with_finclips","21740","Age 2","0"
"Winter_GOA_standard_with_finclips","21740","Age 3","0"
"Winter_GOA_standard_with_finclips","21740","None","0"
"Gillclip","21720","None","1"
"Winter_2020_pol_LW_GSI_Otolith","21740","Adult","0"
"Winter_2020_pol_LW_GSI_Otolith","21740","Age 1","0"
"Winter_2020_pol_LW_GSI_Otolith","21740","Age 2","0"
"Winter_2020_pol_LW_GSI_Otolith","21740","Age 3","0"
"Winter_2020_pol_LW_GSI_Otolith","21740","None","0"
"POP_Finclip","30060","None","1"
"Herring_stomach","21110","None","1"
"Conrath2016","30060","None","0"
"Finclip","21720","None","0"
"GOA_Summer_Pollock_Otolith","21740","None","0"
"Forage_Fish_Length","21740","None","0"
"Non-Pollock_stomach","22600","None","1"
"Length_Weight","40565","None","1"
"Winter_2021_pol_LW_GSI_Oto_no_projects","21740","Adult","0"
"Winter_2021_pol_LW_GSI_Oto_no_projects","21740","Age 1","0"
"Winter_2021_pol_LW_GSI_Oto_no_projects","21740","Age 2","0"
"Winter_2021_pol_LW_GSI_Oto_no_projects","21740","Age 3","0"
"Winter_2021_pol_LW_GSI_Oto_no_projects","21740","None","0"
"Length_Weight","40016","None","1"
"Length_Weight","40519","None","1"
"Salmon_genetics","23220","None","1"
"Winter_Pollock_Stomach","21740","Adult","0"
"Winter_Pollock_Stomach","21740","Age 1","0"
"Winter_Pollock_Stomach","21740","Age 2","0"
"Winter_Pollock_Stomach","21740","Age 3","0"
"Winter_Pollock_Stomach","21740","None","0"
"Forage_Fish_Length","22601","None","1"
"Rockfish_Length","30060","None","0"
"Rockfish_Length","30152","None","0"
"Rockfish_Length","30420","None","0"
"Pollock_LW_GSI_Oto_fin_gill","21740","Adult","1"
"Pollock_LW_GSI_Oto_fin_gill","21740","Age 1","1"
"Pollock_LW_GSI_Oto_fin_gill","21740","Age 2","1"
"Pollock_LW_GSI_Oto_fin_gill","21740","Age 3","1"
"Pollock_LW_GSI_Oto_fin_gill","21740","None","1"
"Pollock_LW_GSI_fin_gill","21740","Adult","1"
"Pollock_LW_GSI_fin_gill","21740","Age 1","1"
"Pollock_LW_GSI_fin_gill","21740","Age 2","1"
"Pollock_LW_GSI_fin_gill","21740","Age 3","1"
"Pollock_LW_GSI_fin_gill","21740","None","1"
"Forage_Fish_Length","23010","Adult","0"
"Forage_Fish_Length","23010","Juvenile","0"
"Forage_Fish_Length","23041","Adult","0"
"Forage_Fish_Length","23041","Juvenile","0"
"Length_Weight","20204","None","1"
"Length_Weight","23010","Adult","1"
"Length_Weight","23010","Juvenile","1"
"Length_Weight","23041","Adult","1"
"Length_Weight","23041","Juvenile","1"
"Non-Pollock_stomach","23010","Adult","0"
"Non-Pollock_stomach","23010","Juvenile","0"
"Non-Pollock_stomach","23041","Adult","0"
"Non-Pollock_stomach","23041","Juvenile","0"
