"species_code","subcategory"
"21740","Adult"
"23010","Adult"
"23041","Adult"
"21740","Age 0"
"21740","Age 1"
"21740","Age 2"
"21740","Age 3"
"23010","Juvenile"
"23041","Juvenile"
"1","None"
"2","None"
"3","None"
"10","None"
"21","None"
"22","None"
"100","None"
"109","None"
"110","None"
"120","None"
"150","None"
"151","None"
"160","None"
"180","None"
"200","None"
"201","None"
"210","None"
"211","None"
"212","None"
"213","None"
"214","None"
"222","None"
"232","None"
"242","None"
"252","None"
"310","None"
"320","None"
"332","None"
"339","None"
"340","None"
"341","None"
"351","None"
"355","None"
"400","None"
"401","None"
"402","None"
"403","None"
"404","None"
"405","None"
"406","None"
"410","None"
"420","None"
"421","None"
"425","None"
"435","None"
"436","None"
"440","None"
"445","None"
"450","None"
"455","None"
"460","None"
"461","None"
"471","None"
"472","None"
"475","None"
"480","None"
"485","None"
"490","None"
"495","None"
"610","None"
"710","None"
"711","None"
"1001","None"
"1002","None"
"1003","None"
"1004","None"
"1005","None"
"1006","None"
"1007","None"
"1008","None"
"1009","None"
"1010","None"
"1011","None"
"1012","None"
"1013","None"
"1014","None"
"1015","None"
"1016","None"
"1017","None"
"1018","None"
"1019","None"
"1020","None"
"1021","None"
"1022","None"
"1023","None"
"1024","None"
"1025","None"
"1026","None"
"1027","None"
"1028","None"
"1029","None"
"1030","None"
"1031","None"
"1032","None"
"1033","None"
"1034","None"
"1035","None"
"1036","None"
"1037","None"
"1038","None"
"1039","None"
"1040","None"
"1041","None"
"1042","None"
"1043","None"
"1044","None"
"1045","None"
"1046","None"
"1047","None"
"1048","None"
"1049","None"
"1050","None"
"1101","None"
"1102","None"
"1103","None"
"1104","None"
"1105","None"
"1106","None"
"1107","None"
"1108","None"
"1109","None"
"1110","None"
"1111","None"
"1112","None"
"1113","None"
"1114","None"
"1115","None"
"1116","None"
"1117","None"
"1118","None"
"1119","None"
"1120","None"
"1121","None"
"1122","None"
"1123","None"
"1124","None"
"1125","None"
"1126","None"
"1127","None"
"1128","None"
"1129","None"
"1130","None"
"1131","None"
"1132","None"
"1134","None"
"1135","None"
"1136","None"
"1137","None"
"1138","None"
"1139","None"
"1140","None"
"1141","None"
"1142","None"
"1143","None"
"1144","None"
"1145","None"
"1146","None"
"1147","None"
"1148","None"
"1149","None"
"1150","None"
"1151","None"
"1152","None"
"1153","None"
"1154","None"
"10000","None"
"10001","None"
"10002","None"
"10003","None"
"10008","None"
"10009","None"
"10010","None"
"10020","None"
"10041","None"
"10050","None"
"10060","None"
"10100","None"
"10110","None"
"10111","None"
"10112","None"
"10115","None"
"10120","None"
"10122","None"
"10129","None"
"10130","None"
"10140","None"
"10145","None"
"10150","None"
"10155","None"
"10160","None"
"10170","None"
"10180","None"
"10190","None"
"10200","None"
"10201","None"
"10210","None"
"10211","None"
"10212","None"
"10220","None"
"10221","None"
"10240","None"
"10250","None"
"10260","None"
"10261","None"
"10262","None"
"10270","None"
"10280","None"
"10281","None"
"10285","None"
"10290","None"
"10291","None"
"10295","None"
"10400","None"
"20000","None"
"20001","None"
"20002","None"
"20004","None"
"20005","None"
"20006","None"
"20015","None"
"20018","None"
"20020","None"
"20021","None"
"20022","None"
"20023","None"
"20034","None"
"20035","None"
"20036","None"
"20037","None"
"20038","None"
"20039","None"
"20040","None"
"20041","None"
"20050","None"
"20051","None"
"20055","None"
"20060","None"
"20061","None"
"20071","None"
"20075","None"
"20100","None"
"20110","None"
"20120","None"
"20121","None"
"20122","None"
"20150","None"
"20179","None"
"20180","None"
"20202","None"
"20203","None"
"20204","None"
"20320","None"
"20322","None"
"20420","None"
"20510","None"
"20542","None"
"20571","None"
"20572","None"
"20573","None"
"20575","None"
"20610","None"
"20614","None"
"20615","None"
"20619","None"
"20620","None"
"20622","None"
"20624","None"
"20660","None"
"20662","None"
"20700","None"
"20702","None"
"20712","None"
"20713","None"
"20720","None"
"20722","None"
"20731","None"
"20801","None"
"20802","None"
"20842","None"
"20871","None"
"20900","None"
"20901","None"
"20902","None"
"20905","None"
"20908","None"
"20910","None"
"20915","None"
"20920","None"
"20921","None"
"20930","None"
"20952","None"
"20960","None"
"20971","None"
"20980","None"
"20990","None"
"20995","None"
"21000","None"
"21010","None"
"21110","None"
"21120","None"
"21130","None"
"21150","None"
"21200","None"
"21201","None"
"21202","None"
"21204","None"
"21210","None"
"21220","None"
"21230","None"
"21232","None"
"21238","None"
"21239","None"
"21240","None"
"21300","None"
"21305","None"
"21307","None"
"21308","None"
"21309","None"
"21310","None"
"21311","None"
"21312","None"
"21313","None"
"21314","None"
"21315","None"
"21316","None"
"21318","None"
"21320","None"
"21327","None"
"21329","None"
"21330","None"
"21331","None"
"21332","None"
"21333","None"
"21334","None"
"21335","None"
"21336","None"
"21337","None"
"21338","None"
"21339","None"
"21340","None"
"21341","None"
"21342","None"
"21343","None"
"21344","None"
"21345","None"
"21346","None"
"21347","None"
"21348","None"
"21349","None"
"21350","None"
"21352","None"
"21353","None"
"21354","None"
"21355","None"
"21356","None"
"21359","None"
"21360","None"
"21363","None"
"21366","None"
"21368","None"
"21369","None"
"21370","None"
"21371","None"
"21373","None"
"21375","None"
"21376","None"
"21377","None"
"21378","None"
"21379","None"
"21380","None"
"21383","None"
"21384","None"
"21386","None"
"21387","None"
"21388","None"
"21389","None"
"21390","None"
"21393","None"
"21394","None"
"21395","None"
"21397","None"
"21398","None"
"21405","None"
"21406","None"
"21407","None"
"21415","None"
"21420","None"
"21421","None"
"21422","None"
"21423","None"
"21429","None"
"21437","None"
"21438","None"
"21439","None"
"21440","None"
"21441","None"
"21443","None"
"21444","None"
"21445","None"
"21446","None"
"21447","None"
"21484","None"
"21500","None"
"21501","None"
"21506","None"
"21510","None"
"21515","None"
"21521","None"
"21522","None"
"21592","None"
"21594","None"
"21595","None"
"21596","None"
"21597","None"
"21598","None"
"21705","None"
"21710","None"
"21720","None"
"21725","None"
"21726","None"
"21727","None"
"21731","None"
"21732","None"
"21733","None"
"21735","None"
"21740","None"
"21744","None"
"21752","None"
"21753","None"
"21760","None"
"21770","None"
"21800","None"
"21805","None"
"21810","None"
"21811","None"
"21812","None"
"21813","None"
"21815","None"
"21818","None"
"21820","None"
"21822","None"
"21823","None"
"21824","None"
"21825","None"
"21827","None"
"21845","None"
"21846","None"
"21847","None"
"21900","None"
"21910","None"
"21915","None"
"21921","None"
"21930","None"
"21931","None"
"21932","None"
"21934","None"
"21935","None"
"21936","None"
"21937","None"
"22010","None"
"22110","None"
"22121","None"
"22169","None"
"22170","None"
"22173","None"
"22175","None"
"22176","None"
"22177","None"
"22178","None"
"22179","None"
"22180","None"
"22182","None"
"22183","None"
"22184","None"
"22190","None"
"22200","None"
"22201","None"
"22202","None"
"22203","None"
"22204","None"
"22205","None"
"22206","None"
"22207","None"
"22208","None"
"22209","None"
"22210","None"
"22211","None"
"22213","None"
"22214","None"
"22215","None"
"22216","None"
"22217","None"
"22219","None"
"22220","None"
"22221","None"
"22222","None"
"22223","None"
"22224","None"
"22225","None"
"22226","None"
"22228","None"
"22229","None"
"22230","None"
"22231","None"
"22232","None"
"22233","None"
"22235","None"
"22236","None"
"22237","None"
"22238","None"
"22239","None"
"22240","None"
"22241","None"
"22242","None"
"22243","None"
"22244","None"
"22245","None"
"22246","None"
"22247","None"
"22248","None"
"22249","None"
"22250","None"
"22251","None"
"22252","None"
"22253","None"
"22254","None"
"22255","None"
"22260","None"
"22261","None"
"22262","None"
"22263","None"
"22264","None"
"22271","None"
"22300","None"
"22310","None"
"22320","None"
"22390","None"
"22400","None"
"22410","None"
"22420","None"
"22450","None"
"22461","None"
"22500","None"
"22570","None"
"22582","None"
"22595","None"
"22600","None"
"22601","None"
"22602","None"
"22603","None"
"22609","None"
"22610","None"
"22620","None"
"22623","None"
"22624","None"
"22625","None"
"22630","None"
"22640","None"
"22642","None"
"22647","None"
"22648","None"
"22649","None"
"22650","None"
"22651","None"
"22656","None"
"22701","None"
"22702","None"
"22703","None"
"22704","None"
"22705","None"
"22716","None"
"22721","None"
"22750","None"
"22800","None"
"22810","None"
"22815","None"
"22900","None"
"22912","None"
"22913","None"
"22914","None"
"22915","None"
"22917","None"
"22918","None"
"22919","None"
"22920","None"
"22921","None"
"22924","None"
"22951","None"
"22952","None"
"22955","None"
"22956","None"
"23000","None"
"23010","None"
"23011","None"
"23020","None"
"23030","None"
"23041","None"
"23055","None"
"23060","None"
"23061","None"
"23071","None"
"23201","None"
"23202","None"
"23220","None"
"23225","None"
"23230","None"
"23235","None"
"23240","None"
"23250","None"
"23252","None"
"23260","None"
"23310","None"
"23402","None"
"23500","None"
"23524","None"
"23562","None"
"23590","None"
"23602","None"
"23603","None"
"23620","None"
"23621","None"
"23657","None"
"23700","None"
"23710","None"
"23720","None"
"23791","None"
"23792","None"
"23800","None"
"23801","None"
"23802","None"
"23803","None"
"23804","None"
"23805","None"
"23806","None"
"23807","None"
"23808","None"
"23809","None"
"23836","None"
"23840","None"
"23841","None"
"23843","None"
"23850","None"
"23851","None"
"23861","None"
"23862","None"
"23863","None"
"23865","None"
"23866","None"
"23871","None"
"23872","None"
"23873","None"
"23900","None"
"23911","None"
"23915","None"
"23932","None"
"23933","None"
"23940","None"
"23942","None"
"23943","None"
"23944","None"
"23945","None"
"23950","None"
"23952","None"
"23958","None"
"23960","None"
"23961","None"
"23962","None"
"23963","None"
"23970","None"
"24001","None"
"24100","None"
"24110","None"
"24111","None"
"24113","None"
"24114","None"
"24120","None"
"24130","None"
"24140","None"
"24150","None"
"24151","None"
"24152","None"
"24153","None"
"24158","None"
"24160","None"
"24165","None"
"24166","None"
"24170","None"
"24180","None"
"24181","None"
"24182","None"
"24184","None"
"24185","None"
"24186","None"
"24187","None"
"24188","None"
"24189","None"
"24190","None"
"24191","None"
"24192","None"
"24193","None"
"24194","None"
"24200","None"
"24220","None"
"24230","None"
"24231","None"
"24232","None"
"24233","None"
"24240","None"
"24393","None"
"24394","None"
"24395","None"
"24404","None"
"25100","None"
"25120","None"
"26050","None"
"26053","None"
"26060","None"
"27020","None"
"27028","None"
"27050","None"
"27051","None"
"28532","None"
"29990","None"
"29996","None"
"29999","None"
"30000","None"
"30010","None"
"30020","None"
"30025","None"
"30030","None"
"30035","None"
"30040","None"
"30050","None"
"30051","None"
"30052","None"
"30060","None"
"30080","None"
"30090","None"
"30100","None"
"30110","None"
"30120","None"
"30130","None"
"30150","None"
"30151","None"
"30152","None"
"30160","None"
"30170","None"
"30180","None"
"30190","None"
"30200","None"
"30210","None"
"30220","None"
"30230","None"
"30240","None"
"30250","None"
"30260","None"
"30270","None"
"30280","None"
"30290","None"
"30295","None"
"30300","None"
"30320","None"
"30330","None"
"30340","None"
"30350","None"
"30360","None"
"30370","None"
"30380","None"
"30390","None"
"30400","None"
"30410","None"
"30420","None"
"30430","None"
"30460","None"
"30470","None"
"30475","None"
"30480","None"
"30490","None"
"30500","None"
"30510","None"
"30535","None"
"30540","None"
"30550","None"
"30560","None"
"30570","None"
"30575","None"
"30576","None"
"30580","None"
"30590","None"
"30600","None"
"30611","None"
"30620","None"
"30630","None"
"31501","None"
"31550","None"
"39100","None"
"40001","None"
"40008","None"
"40009","None"
"40010","None"
"40011","None"
"40012","None"
"40016","None"
"40017","None"
"40020","None"
"40028","None"
"40049","None"
"40050","None"
"40061","None"
"40500","None"
"40501","None"
"40502","None"
"40503","None"
"40504","None"
"40505","None"
"40506","None"
"40507","None"
"40508","None"
"40509","None"
"40510","None"
"40511","None"
"40512","None"
"40513","None"
"40520","None"
"40560","None"
"40561","None"
"40562","None"
"40563","None"
"40564","None"
"40565","None"
"40566","None"
"41000","None"
"41100","None"
"41101","None"
"41102","None"
"41201","None"
"41220","None"
"41221","None"
"41300","None"
"41331","None"
"41332","None"
"41333","None"
"41500","None"
"41510","None"
"41520","None"
"41522","None"
"41523","None"
"41525","None"
"41530","None"
"41540","None"
"41550","None"
"41570","None"
"41571","None"
"41572","None"
"41580","None"
"41582","None"
"41583","None"
"41585","None"
"41586","None"
"41600","None"
"41700","None"
"41701","None"
"41750","None"
"41751","None"
"42000","None"
"42001","None"
"42003","None"
"42004","None"
"42005","None"
"42008","None"
"42010","None"
"42012","None"
"42013","None"
"42015","None"
"42017","None"
"42020","None"
"43000","None"
"43001","None"
"43002","None"
"43003","None"
"43004","None"
"43005","None"
"43006","None"
"43007","None"
"43009","None"
"43010","None"
"43020","None"
"43021","None"
"43029","None"
"43030","None"
"43032","None"
"43040","None"
"43041","None"
"43042","None"
"43045","None"
"43050","None"
"43082","None"
"43090","None"
"43100","None"
"43110","None"
"43200","None"
"43201","None"
"43225","None"
"44000","None"
"44005","None"
"44010","None"
"44011","None"
"44020","None"
"44023","None"
"44028","None"
"44029","None"
"44030","None"
"44031","None"
"44032","None"
"44033","None"
"44034","None"
"44035","None"
"44036","None"
"44037","None"
"44038","None"
"44039","None"
"44040","None"
"44041","None"
"44042","None"
"44045","None"
"44046","None"
"44047","None"
"44050","None"
"44052","None"
"44060","None"
"44061","None"
"44071","None"
"44072","None"
"44073","None"
"44074","None"
"44080","None"
"44081","None"
"44082","None"
"44083","None"
"44085","None"
"44086","None"
"44087","None"
"44088","None"
"44089","None"
"44090","None"
"44091","None"
"44092","None"
"44093","None"
"44094","None"
"44095","None"
"44096","None"
"44097","None"
"44098","None"
"44099","None"
"44103","None"
"45000","None"
"45005","None"
"50000","None"
"50001","None"
"50010","None"
"50100","None"
"50160","None"
"50161","None"
"50190","None"
"50192","None"
"52715","None"
"53700","None"
"54000","None"
"54010","None"
"54030","None"
"55900","None"
"56300","None"
"56310","None"
"56311","None"
"56312","None"
"57000","None"
"57001","None"
"57410","None"
"58000","None"
"58001","None"
"59000","None"
"59100","None"
"59110","None"
"59111","None"
"59120","None"
"60001","None"
"60100","None"
"60102","None"
"60105","None"
"60107","None"
"60108","None"
"60109","None"
"60110","None"
"60111","None"
"60112","None"
"60115","None"
"60116","None"
"60118","None"
"60130","None"
"60131","None"
"60132","None"
"60140","None"
"60145","None"
"62000","None"
"62010","None"
"62020","None"
"62022","None"
"63000","None"
"63101","None"
"63500","None"
"63501","None"
"63510","None"
"64000","None"
"64010","None"
"64011","None"
"64012","None"
"64100","None"
"64500","None"
"65000","None"
"65100","None"
"65101","None"
"65201","None"
"65202","None"
"65203","None"
"65204","None"
"65205","None"
"65206","None"
"65209","None"
"65210","None"
"66000","None"
"66003","None"
"66004","None"
"66009","None"
"66010","None"
"66019","None"
"66020","None"
"66025","None"
"66030","None"
"66031","None"
"66033","None"
"66040","None"
"66045","None"
"66050","None"
"66055","None"
"66060","None"
"66120","None"
"66130","None"
"66140","None"
"66150","None"
"66160","None"
"66161","None"
"66163","None"
"66165","None"
"66170","None"
"66171","None"
"66174","None"
"66175","None"
"66179","None"
"66180","None"
"66190","None"
"66192","None"
"66193","None"
"66200","None"
"66201","None"
"66203","None"
"66204","None"
"66301","None"
"66500","None"
"66502","None"
"66510","None"
"66512","None"
"66515","None"
"66520","None"
"66530","None"
"66536","None"
"66546","None"
"66548","None"
"66570","None"
"66575","None"
"66580","None"
"66600","None"
"66601","None"
"66602","None"
"66603","None"
"66605","None"
"66611","None"
"66612","None"
"66613","None"
"66614","None"
"66615","None"
"66617","None"
"66750","None"
"66770","None"
"66772","None"
"66814","None"
"66815","None"
"66839","None"
"66840","None"
"66860","None"
"66865","None"
"66875","None"
"68000","None"
"68010","None"
"68011","None"
"68020","None"
"68040","None"
"68050","None"
"68060","None"
"68065","None"
"68072","None"
"68100","None"
"68500","None"
"68502","None"
"68510","None"
"68515","None"
"68520","None"
"68541","None"
"68550","None"
"68560","None"
"68570","None"
"68577","None"
"68578","None"
"68580","None"
"68590","None"
"68781","None"
"69000","None"
"69010","None"
"69011","None"
"69013","None"
"69035","None"
"69042","None"
"69060","None"
"69061","None"
"69070","None"
"69080","None"
"69082","None"
"69085","None"
"69086","None"
"69090","None"
"69095","None"
"69100","None"
"69110","None"
"69120","None"
"69121","None"
"69122","None"
"69123","None"
"69200","None"
"69250","None"
"69260","None"
"69270","None"
"69280","None"
"69285","None"
"69290","None"
"69300","None"
"69310","None"
"69312","None"
"69314","None"
"69315","None"
"69316","None"
"69317","None"
"69318","None"
"69321","None"
"69322","None"
"69323","None"
"69324","None"
"69325","None"
"69326","None"
"69328","None"
"69329","None"
"69330","None"
"69331","None"
"69335","None"
"69336","None"
"69341","None"
"69400","None"
"69520","None"
"69530","None"
"69531","None"
"69540","None"
"69550","None"
"69552","None"
"69554","None"
"69556","None"
"69557","None"
"69560","None"
"69642","None"
"69650","None"
"69651","None"
"69652","None"
"69653","None"
"69655","None"
"69900","None"
"69910","None"
"69911","None"
"70000","None"
"70050","None"
"70060","None"
"70100","None"
"70108","None"
"70110","None"
"70111","None"
"70112","None"
"70113","None"
"70115","None"
"70119","None"
"70121","None"
"70122","None"
"70124","None"
"70125","None"
"70126","None"
"70127","None"
"70150","None"
"71001","None"
"71002","None"
"71003","None"
"71004","None"
"71005","None"
"71007","None"
"71010","None"
"71011","None"
"71012","None"
"71013","None"
"71014","None"
"71015","None"
"71016","None"
"71018","None"
"71020","None"
"71021","None"
"71022","None"
"71025","None"
"71027","None"
"71030","None"
"71050","None"
"71055","None"
"71080","None"
"71152","None"
"71202","None"
"71230","None"
"71250","None"
"71260","None"
"71291","None"
"71349","None"
"71350","None"
"71351","None"
"71400","None"
"71405","None"
"71500","None"
"71501","None"
"71504","None"
"71510","None"
"71511","None"
"71515","None"
"71516","None"
"71517","None"
"71525","None"
"71526","None"
"71530","None"
"71535","None"
"71537","None"
"71540","None"
"71541","None"
"71542","None"
"71570","None"
"71575","None"
"71580","None"
"71584","None"
"71585","None"
"71586","None"
"71590","None"
"71631","None"
"71634","None"
"71635","None"
"71640","None"
"71681","None"
"71700","None"
"71710","None"
"71714","None"
"71715","None"
"71716","None"
"71718","None"
"71719","None"
"71720","None"
"71721","None"
"71722","None"
"71723","None"
"71724","None"
"71725","None"
"71726","None"
"71727","None"
"71728","None"
"71730","None"
"71731","None"
"71732","None"
"71733","None"
"71734","None"
"71739","None"
"71740","None"
"71741","None"
"71748","None"
"71749","None"
"71750","None"
"71751","None"
"71753","None"
"71755","None"
"71756","None"
"71757","None"
"71759","None"
"71760","None"
"71761","None"
"71762","None"
"71763","None"
"71764","None"
"71765","None"
"71766","None"
"71769","None"
"71770","None"
"71771","None"
"71772","None"
"71773","None"
"71774","None"
"71775","None"
"71776","None"
"71777","None"
"71778","None"
"71779","None"
"71790","None"
"71795","None"
"71800","None"
"71801","None"
"71802","None"
"71810","None"
"71811","None"
"71820","None"
"71822","None"
"71835","None"
"71840","None"
"71850","None"
"71860","None"
"71865","None"
"71866","None"
"71870","None"
"71880","None"
"71881","None"
"71882","None"
"71883","None"
"71884","None"
"71886","None"
"71890","None"
"71891","None"
"71892","None"
"71893","None"
"71894","None"
"71895","None"
"71896","None"
"71900","None"
"71901","None"
"71902","None"
"71904","None"
"71905","None"
"71906","None"
"71910","None"
"71911","None"
"71912","None"
"71960","None"
"72019","None"
"72020","None"
"72021","None"
"72022","None"
"72059","None"
"72060","None"
"72063","None"
"72065","None"
"72100","None"
"72103","None"
"72104","None"
"72106","None"
"72181","None"
"72182","None"
"72183","None"
"72300","None"
"72302","None"
"72303","None"
"72304","None"
"72305","None"
"72370","None"
"72380","None"
"72395","None"
"72403","None"
"72406","None"
"72407","None"
"72420","None"
"72421","None"
"72423","None"
"72500","None"
"72501","None"
"72510","None"
"72511","None"
"72512","None"
"72515","None"
"72520","None"
"72525","None"
"72527","None"
"72531","None"
"72532","None"
"72533","None"
"72534","None"
"72535","None"
"72539","None"
"72540","None"
"72541","None"
"72543","None"
"72544","None"
"72736","None"
"72738","None"
"72739","None"
"72740","None"
"72741","None"
"72742","None"
"72743","None"
"72744","None"
"72745","None"
"72746","None"
"72747","None"
"72748","None"
"72749","None"
"72750","None"
"72751","None"
"72752","None"
"72753","None"
"72754","None"
"72755","None"
"72756","None"
"72757","None"
"72758","None"
"72759","None"
"72760","None"
"72761","None"
"72762","None"
"72763","None"
"72764","None"
"72765","None"
"72767","None"
"72789","None"
"72790","None"
"72791","None"
"72795","None"
"72800","None"
"72801","None"
"72802","None"
"72803","None"
"72804","None"
"72805","None"
"72806","None"
"73183","None"
"73185","None"
"73186","None"
"73187","None"
"73351","None"
"74000","None"
"74001","None"
"74050","None"
"74060","None"
"74065","None"
"74070","None"
"74080","None"
"74100","None"
"74103","None"
"74104","None"
"74105","None"
"74106","None"
"74107","None"
"74109","None"
"74112","None"
"74120","None"
"74130","None"
"74150","None"
"74171","None"
"74175","None"
"74176","None"
"74177","None"
"74301","None"
"74310","None"
"74311","None"
"74320","None"
"74321","None"
"74325","None"
"74326","None"
"74333","None"
"74342","None"
"74412","None"
"74414","None"
"74415","None"
"74416","None"
"74417","None"
"74419","None"
"74420","None"
"74421","None"
"74425","None"
"74435","None"
"74436","None"
"74439","None"
"74440","None"
"74481","None"
"74482","None"
"74490","None"
"74552","None"
"74560","None"
"74561","None"
"74562","None"
"74563","None"
"74564","None"
"74639","None"
"74640","None"
"74641","None"
"74642","None"
"74643","None"
"74644","None"
"74646","None"
"74647","None"
"74648","None"
"74650","None"
"74653","None"
"74654","None"
"74655","None"
"74656","None"
"74658","None"
"74712","None"
"74801","None"
"74802","None"
"74803","None"
"74980","None"
"74981","None"
"74982","None"
"74983","None"
"74985","None"
"74986","None"
"75016","None"
"75020","None"
"75021","None"
"75025","None"
"75030","None"
"75092","None"
"75102","None"
"75103","None"
"75110","None"
"75111","None"
"75201","None"
"75202","None"
"75203","None"
"75205","None"
"75220","None"
"75221","None"
"75240","None"
"75241","None"
"75242","None"
"75244","None"
"75247","None"
"75264","None"
"75266","None"
"75267","None"
"75284","None"
"75285","None"
"75286","None"
"75330","None"
"75332","None"
"75333","None"
"75335","None"
"75336","None"
"75372","None"
"75381","None"
"75382","None"
"75410","None"
"75551","None"
"75600","None"
"75601","None"
"75605","None"
"75606","None"
"75609","None"
"75610","None"
"77000","None"
"77011","None"
"77012","None"
"77102","None"
"78000","None"
"78001","None"
"78010","None"
"78011","None"
"78012","None"
"78013","None"
"78020","None"
"78021","None"
"78022","None"
"78030","None"
"78040","None"
"78210","None"
"78300","None"
"78352","None"
"78403","None"
"78404","None"
"78452","None"
"78502","None"
"79000","None"
"79001","None"
"79002","None"
"79020","None"
"79120","None"
"79200","None"
"79201","None"
"79202","None"
"79203","None"
"79204","None"
"79206","None"
"79210","None"
"79250","None"
"79252","None"
"79254","None"
"79259","None"
"79260","None"
"79302","None"
"79310","None"
"79311","None"
"79312","None"
"79340","None"
"79351","None"
"79352","None"
"79403","None"
"79404","None"
"79405","None"
"79406","None"
"79440","None"
"79442","None"
"79504","None"
"79509","None"
"79510","None"
"79512","None"
"80000","None"
"80005","None"
"80006","None"
"80010","None"
"80015","None"
"80018","None"
"80020","None"
"80030","None"
"80105","None"
"80106","None"
"80110","None"
"80111","None"
"80112","None"
"80115","None"
"80120","None"
"80160","None"
"80170","None"
"80171","None"
"80180","None"
"80182","None"
"80190","None"
"80200","None"
"80220","None"
"80230","None"
"80250","None"
"80310","None"
"80311","None"
"80312","None"
"80520","None"
"80525","None"
"80540","None"
"80541","None"
"80542","None"
"80543","None"
"80544","None"
"80546","None"
"80547","None"
"80548","None"
"80549","None"
"80550","None"
"80551","None"
"80590","None"
"80594","None"
"80595","None"
"80596","None"
"80601","None"
"80602","None"
"80610","None"
"80620","None"
"80624","None"
"80625","None"
"80630","None"
"80631","None"
"80632","None"
"80633","None"
"80640","None"
"80645","None"
"80650","None"
"80660","None"
"80670","None"
"80690","None"
"80691","None"
"80710","None"
"80728","None"
"80729","None"
"80730","None"
"80731","None"
"80732","None"
"80800","None"
"80810","None"
"80910","None"
"80915","None"
"81060","None"
"81061","None"
"81062","None"
"81063","None"
"81064","None"
"81065","None"
"81066","None"
"81067","None"
"81080","None"
"81090","None"
"81092","None"
"81095","None"
"81100","None"
"81120","None"
"81125","None"
"81130","None"
"81135","None"
"81295","None"
"81310","None"
"81311","None"
"81312","None"
"81313","None"
"81314","None"
"81315","None"
"81316","None"
"81320","None"
"81321","None"
"81340","None"
"81345","None"
"81350","None"
"81355","None"
"81356","None"
"81360","None"
"81361","None"
"81370","None"
"81741","None"
"81742","None"
"81743","None"
"81779","None"
"81780","None"
"81820","None"
"81830","None"
"81831","None"
"81835","None"
"81840","None"
"81850","None"
"81860","None"
"81870","None"
"81875","None"
"81880","None"
"81890","None"
"81910","None"
"81912","None"
"81919","None"
"81920","None"
"81921","None"
"81930","None"
"82000","None"
"82001","None"
"82002","None"
"82030","None"
"82035","None"
"82060","None"
"82090","None"
"82091","None"
"82100","None"
"82500","None"
"82510","None"
"82511","None"
"82515","None"
"82520","None"
"82522","None"
"82525","None"
"82526","None"
"82530","None"
"82535","None"
"82650","None"
"82660","None"
"82670","None"
"82672","None"
"82673","None"
"82675","None"
"82680","None"
"82685","None"
"82730","None"
"82740","None"
"82750","None"
"82755","None"
"82757","None"
"82760","None"
"82761","None"
"82770","None"
"82771","None"
"83000","None"
"83020","None"
"83021","None"
"83022","None"
"83055","None"
"83060","None"
"83070","None"
"83075","None"
"83080","None"
"83090","None"
"83310","None"
"83319","None"
"83320","None"
"83336","None"
"83339","None"
"83340","None"
"83342","None"
"83343","None"
"83348","None"
"83360","None"
"83390","None"
"83400","None"
"83402","None"
"83405","None"
"83406","None"
"83407","None"
"83411","None"
"83480","None"
"83660","None"
"83700","None"
"85000","None"
"85010","None"
"85013","None"
"85015","None"
"85016","None"
"85020","None"
"85060","None"
"85070","None"
"85085","None"
"85110","None"
"85115","None"
"85120","None"
"85140","None"
"85167","None"
"85169","None"
"85170","None"
"85175","None"
"85180","None"
"85200","None"
"85201","None"
"85202","None"
"85205","None"
"85209","None"
"85210","None"
"85219","None"
"85220","None"
"85221","None"
"85222","None"
"85269","None"
"85270","None"
"85290","None"
"85410","None"
"90000","None"
"91000","None"
"91002","None"
"91005","None"
"91010","None"
"91014","None"
"91015","None"
"91016","None"
"91020","None"
"91030","None"
"91031","None"
"91039","None"
"91040","None"
"91045","None"
"91049","None"
"91050","None"
"91051","None"
"91052","None"
"91053","None"
"91054","None"
"91055","None"
"91056","None"
"91057","None"
"91059","None"
"91060","None"
"91061","None"
"91064","None"
"91065","None"
"91066","None"
"91067","None"
"91068","None"
"91069","None"
"91070","None"
"91071","None"
"91072","None"
"91076","None"
"91077","None"
"91078","None"
"91079","None"
"91080","None"
"91083","None"
"91084","None"
"91086","None"
"91087","None"
"91088","None"
"91090","None"
"91092","None"
"91096","None"
"91100","None"
"91700","None"
"92000","None"
"92021","None"
"92400","None"
"92500","None"
"92900","None"
"93100","None"
"93150","None"
"93500","None"
"94000","None"
"94500","None"
"94900","None"
"95000","None"
"95005","None"
"95010","None"
"95011","None"
"95015","None"
"95016","None"
"95020","None"
"95030","None"
"95035","None"
"95036","None"
"95038","None"
"95039","None"
"95040","None"
"95041","None"
"95050","None"
"95060","None"
"95070","None"
"95080","None"
"95100","None"
"95103","None"
"95104","None"
"95105","None"
"97000","None"
"97100","None"
"97110","None"
"97111","None"
"97115","None"
"97116","None"
"97120","None"
"98000","None"
"98001","None"
"98002","None"
"98003","None"
"98070","None"
"98071","None"
"98072","None"
"98079","None"
"98080","None"
"98082","None"
"98100","None"
"98101","None"
"98102","None"
"98105","None"
"98200","None"
"98205","None"
"98206","None"
"98210","None"
"98220","None"
"98300","None"
"98302","None"
"98309","None"
"98310","None"
"98311","None"
"98320","None"
"98322","None"
"98324","None"
"98330","None"
"98331","None"
"98332","None"
"99900","None"
"99902","None"
"99904","None"
"99987","None"
"99990","None"
"99992","None"
"99993","None"
"99994","None"
"99997","None"
"99998","None"
"99999","None"
"213759","None"
"400610","None"
"998877","None"
"999991","None"
"999992","None"
"999993","None"
"999994","None"
"999995","None"
"999996","None"
"999997","None"
"999998","None"
"999999","None"
